model,split,fold,mae,rmse,r2,median_ae
Per-metal mean,SMILES,1,1.0213818108902026,1.2878625339596228,0.12152918854224681,0.839325153374233
Crippen logP (neutral ligands),SMILES,1,0.9931300759137275,1.245348970528601,0.1785702079058037,0.8260755584901147
"kNN (k = 5, count Tanimoto)",SMILES,1,0.6353743541856925,0.8340575455460024,0.6315484827398412,0.5
Ridge (descriptors),SMILES,1,0.8554726308758315,1.0873162116939203,0.3738187711426275,0.6924780245057882
Per-metal mean,SMILES,2,0.9166365379152819,1.1759723281891554,0.06535339328122491,0.7364887640449439
Crippen logP (neutral ligands),SMILES,2,0.8992708708228081,1.1518038709489828,0.10337613072767937,0.7224795231157649
"kNN (k = 5, count Tanimoto)",SMILES,2,0.6372090993812884,0.8697574074585385,0.48873095260524213,0.44979999999999987
Ridge (descriptors),SMILES,2,0.7394425242313074,0.9735436323904754,0.3594337252016323,0.581209540557749
Per-metal mean,SMILES,3,0.9271743643667507,1.1794063460277413,0.09338274577754846,0.7781431617415632
Crippen logP (neutral ligands),SMILES,3,0.9115480500505674,1.1429252579439013,0.14860181413441687,0.7645727723357353
"kNN (k = 5, count Tanimoto)",SMILES,3,0.5685821852501391,0.7416991584697774,0.6414476014629292,0.4369999999999999
Ridge (descriptors),SMILES,3,0.7539682108781202,0.947833886110805,0.41445332144465796,0.6291924146312484
Per-metal mean,SMILES,4,0.9208621703619588,1.1506770931063195,0.07730488037924799,0.7832306633596772
Crippen logP (neutral ligands),SMILES,4,0.8956080256749962,1.1295997982258479,0.11079785697990896,0.7776068357809611
"kNN (k = 5, count Tanimoto)",SMILES,4,0.6149147649725601,0.8414622256529755,0.5065756952767646,0.45960000000000006
Ridge (descriptors),SMILES,4,0.7586960808442651,0.9662141295963029,0.349423971782747,0.6718197594793321
Per-metal mean,SMILES,5,0.9108059876882739,1.1716074333408735,0.05780167800829661,0.7371335566934136
Crippen logP (neutral ligands),SMILES,5,0.9132697575344322,1.1783479238451176,0.046929183355932214,0.7800827676884344
"kNN (k = 5, count Tanimoto)",SMILES,5,0.5992323535070594,0.835951863318499,0.5203321287223489,0.45566666666666666
Ridge (descriptors),SMILES,5,0.7809374849966376,1.0036754995087374,0.3085437043029602,0.6355275855770754
Per-metal mean,SMILES,6,0.9220379064195212,1.1500755485659162,0.06557395879234329,0.8269589905362776
Crippen logP (neutral ligands),SMILES,6,0.8901173912546129,1.1177094132508103,0.11742827472993689,0.7259735085109331
"kNN (k = 5, count Tanimoto)",SMILES,6,0.5789266111414981,0.7831046154298112,0.566756794870718,0.4169999999999999
Ridge (descriptors),SMILES,6,0.7702829194546729,0.9761958468090826,0.32676590182759524,0.6496665814248321
Per-metal mean,SMILES,7,0.9608416696836024,1.2230763669605866,0.10138220811649046,0.7552505590062113
Crippen logP (neutral ligands),SMILES,7,0.9297380909429194,1.2083852734493739,0.12284021643905929,0.750127088926001
"kNN (k = 5, count Tanimoto)",SMILES,7,0.6407077173431629,0.8663442290637575,0.5491325971298161,0.4660000000000001
Ridge (descriptors),SMILES,7,0.8094654724009165,1.0427450402168212,0.34683315818817617,0.6602600827876195
Per-metal mean,SMILES,8,0.95627096640778,1.2211012162095454,0.044766883415704894,0.7909759006622517
Crippen logP (neutral ligands),SMILES,8,0.9462502395843024,1.2315775492513361,0.028305891178943887,0.7454085100021315
"kNN (k = 5, count Tanimoto)",SMILES,8,0.6623524367570371,0.9035304741544854,0.47701208585173105,0.4660000000000002
Ridge (descriptors),SMILES,8,0.8372928365609947,1.0777715699968613,0.25585170750234176,0.670643031160546
Per-metal mean,SMILES,9,0.9271906618775921,1.2003520978450952,0.06658428537382821,0.763
Crippen logP (neutral ligands),SMILES,9,0.9500563470840674,1.2417157223677848,0.001145669524102333,0.7714964895761508
"kNN (k = 5, count Tanimoto)",SMILES,9,0.6683841373403716,0.9404102772615326,0.4270819172357432,0.48
Ridge (descriptors),SMILES,9,0.8004647690606779,1.0534676978074455,0.28104742489406354,0.6151237025513159
Per-metal mean,SMILES,10,0.9577866663417208,1.2195574777044964,0.0738839628026825,0.811100289457183
Crippen logP (neutral ligands),SMILES,10,0.9681450728731082,1.2668225426235167,0.0007079698957985769,0.7865427241401184
"kNN (k = 5, count Tanimoto)",SMILES,10,0.6210297443307554,0.8338214644804531,0.5670806484271138,0.47600000000000015
Ridge (descriptors),SMILES,10,0.7906840347302396,1.025995606727324,0.34453144762493193,0.6415222598201529
Per-metal mean,DOI,1,1.0477080433357915,1.3345406993109898,-0.08159513483702074,0.7546158587708588
Crippen logP (neutral ligands),DOI,1,0.9522451505468276,1.2123249030822363,0.10743648185045285,0.7311824187525191
"kNN (k = 5, count Tanimoto)",DOI,1,0.9054755241935484,1.114275402732099,0.2459742685253341,0.7736000000000001
Ridge (descriptors),DOI,1,0.9862429587482555,1.2372039762387428,0.07042658792363532,0.8085152195271643
Per-metal mean,DOI,2,1.1573941613070806,1.4138807891544343,-0.03916530937081264,1.0327350814545453
Crippen logP (neutral ligands),DOI,2,1.310675784562245,1.7079041131824526,-0.5163030964264652,1.0549792008335916
"kNN (k = 5, count Tanimoto)",DOI,2,0.9412466981298131,1.2024155839299895,0.24843206066077417,0.7699999999999998
Ridge (descriptors),DOI,2,0.8706585404599583,1.0942781793303384,0.3775355813865746,0.747800526206198
Per-metal mean,DOI,3,0.8587684574842341,1.1229183341344864,-0.09361984540990553,0.655
Crippen logP (neutral ligands),DOI,3,0.8087979877651721,1.0367342873085348,0.06780888112740002,0.6756251473893822
"kNN (k = 5, count Tanimoto)",DOI,3,0.7968925962357953,1.0144573221942486,0.10743963130323597,0.6681999999999999
Ridge (descriptors),DOI,3,0.7415249237783635,0.9399107181611278,0.23379807060965774,0.6364981256735672
Per-metal mean,DOI,4,0.9694121867685828,1.183462545254992,-0.035527497390425156,0.8469860741249142
Crippen logP (neutral ligands),DOI,4,0.8648806059331616,1.0953375694938894,0.11294904427732688,0.7449706982995891
"kNN (k = 5, count Tanimoto)",DOI,4,0.8594568339748518,1.1246996374706077,0.06475432077226706,0.672
Ridge (descriptors),DOI,4,0.7738593909898169,1.014984105754782,0.23832257662644474,0.6012282376025555
Per-metal mean,DOI,5,1.0362355300931965,1.3100389972777573,0.017910840943544115,0.8606341003911342
Crippen logP (neutral ligands),DOI,5,1.0144885724140396,1.2837392648820618,0.056946960987033335,0.8395425877337686
"kNN (k = 5, count Tanimoto)",DOI,5,0.8646442820399226,1.1841102711644251,0.1976446261108693,0.6289999999999999
Ridge (descriptors),DOI,5,0.8608354456300246,1.0999622819621926,0.3076302966277341,0.7344703662196657
Per-metal mean,DOI,6,0.9064393923139117,1.153005225405665,0.07895253059263785,0.7760372340425532
Crippen logP (neutral ligands),DOI,6,0.9217188334984575,1.136436373117058,0.10523350470336879,0.8096835623145338
"kNN (k = 5, count Tanimoto)",DOI,6,0.7969965947178775,1.0182327244086233,0.2816872692300195,0.6640000000000001
Ridge (descriptors),DOI,6,0.8084723916996313,1.0184021773418321,0.2814481680412071,0.6539408266978506
Per-metal mean,DOI,7,0.9768834185049753,1.1834972681283777,-0.01809646542645993,0.9147630457179652
Crippen logP (neutral ligands),DOI,7,0.9007254194599933,1.1059734986622116,0.11091383724280945,0.7743436020978944
"kNN (k = 5, count Tanimoto)",DOI,7,0.9326804797513193,1.1798421360675058,-0.011817565244968353,0.776
Ridge (descriptors),DOI,7,0.861705739498571,1.0892521483258013,0.1375950105706394,0.7252113733528381
Per-metal mean,DOI,8,0.9047726821984442,1.1634790747393162,0.08436874473253242,0.7363991935483871
Crippen logP (neutral ligands),DOI,8,0.851456803769344,1.0864676157572783,0.2015696684610342,0.7065172593171877
"kNN (k = 5, count Tanimoto)",DOI,8,0.8295420516583155,1.1026891367076803,0.1775497301912582,0.6369
Ridge (descriptors),DOI,8,0.7897913815241346,1.0410859431530324,0.2668773784337164,0.6402827263069916
Per-metal mean,DOI,9,0.8588116069131818,1.1076529599600204,0.05795444008454087,0.7098874238410595
Crippen logP (neutral ligands),DOI,9,0.9225597503336056,1.1623441404921317,-0.03737061887207216,0.799056775467432
"kNN (k = 5, count Tanimoto)",DOI,9,0.8322283564241915,1.0808634185687265,0.10297175237437428,0.656
Ridge (descriptors),DOI,9,0.7921461999763132,1.026596877224954,0.19078418864606106,0.6155766757178559
Per-metal mean,DOI,10,0.9343766439853389,1.2831674613055974,-0.007145452622471682,0.712475223390276
Crippen logP (neutral ligands),DOI,10,0.8706080336686641,1.1932633628422848,0.12904015448769524,0.6442951254197724
"kNN (k = 5, count Tanimoto)",DOI,10,0.723536260873817,0.9935717366096103,0.39615708124323656,0.49670000000000003
Ridge (descriptors),DOI,10,0.806561960186114,1.0859264250766039,0.2786827427253843,0.6207507181316578
Per-metal mean,LOMO,Ru,0.9921181210287641,1.2418109679456355,-0.013639664738127832,0.8317507304460245
Crippen logP (neutral ligands),LOMO,Ru,1.0370620012586467,1.3945394797216766,-0.2783042754174516,0.8071121886238526
"kNN (k = 5, count Tanimoto)",LOMO,Ru,0.9264659179001381,1.1714540985498514,0.09796546252805882,0.7749999999999999
Ridge (descriptors),LOMO,Ru,0.8615313008379635,1.0891246832532098,0.22029949511745095,0.6978636388603876
Per-metal mean,LOMO,Pt,1.0659261624918894,1.348521601100774,-0.21958018533002055,0.8205362607040914
Crippen logP (neutral ligands),LOMO,Pt,0.9284216497658102,1.167447190531119,0.08595193542644786,0.765744339555524
"kNN (k = 5, count Tanimoto)",LOMO,Pt,1.014001979934112,1.310914699120311,-0.15250657318806415,0.78905
Ridge (descriptors),LOMO,Pt,0.977701149794793,1.2221356454739916,-0.0016900663929262372,0.8116477724052376
Per-metal mean,LOMO,Ir,1.0736373768555674,1.3017177101477033,-0.5509190516015121,0.955
Crippen logP (neutral ligands),LOMO,Ir,0.9292639301723994,1.1450923979161496,-0.20015286643729424,0.8184008757516434
"kNN (k = 5, count Tanimoto)",LOMO,Ir,1.0480984932461874,1.3337271273714637,-0.6281314782034604,0.8490000000000001
Ridge (descriptors),LOMO,Ir,0.7273773300544756,0.9285662417290639,0.2108105239337461,0.5997063153165204
Per-metal mean,LOMO,Cu,1.0658441723200966,1.418826025217765,-0.053186271525859974,0.8820485302285836
Crippen logP (neutral ligands),LOMO,Cu,1.0076450502918772,1.3249561961582144,0.08156180111247346,0.8096345919479825
"kNN (k = 5, count Tanimoto)",LOMO,Cu,0.9182618392686589,1.213513690097696,0.22956455035137835,0.691
Ridge (descriptors),LOMO,Cu,0.9760780193255415,1.2691869743498156,0.15725126390620836,0.8152750347971822
Per-metal mean,LOMO,Au,0.8470604522321395,1.0911822138576037,-0.07968982099985067,0.7303937063086104
Crippen logP (neutral ligands),LOMO,Au,0.822639512067768,1.0811342192707893,-0.05989703495206755,0.6620972587471932
"kNN (k = 5, count Tanimoto)",LOMO,Au,0.8702997569187139,1.1738911244556316,-0.24956855617618112,0.674
Ridge (descriptors),LOMO,Au,0.8017094046722769,1.0448570313074015,0.010038763612299828,0.6660867873155155
Per-metal mean,LOMO,Fe,0.6211039897325441,0.7815803355362456,-0.06314949635095113,0.5178881839032526
Crippen logP (neutral ligands),LOMO,Fe,0.5541767820483621,0.7324893437988889,0.06620894017290102,0.4611040348365527
"kNN (k = 5, count Tanimoto)",LOMO,Fe,0.590071359223301,0.8285742031099756,-0.1948404185541479,0.428
Ridge (descriptors),LOMO,Fe,0.4242460756300797,0.5808736961379626,0.41276692175073815,0.2998526467532087
Per-metal mean,LOMO,Tc,1.5420945798041499,1.8323014152044301,-0.0003115412278860141,1.4952188027015965
Crippen logP (neutral ligands),LOMO,Tc,1.5071732525629744,1.7378406987188324,0.10016812527759267,1.3957077236755129
"kNN (k = 5, count Tanimoto)",LOMO,Tc,1.5898492307692307,1.8767275274717445,-0.04940684793938033,1.4660000000000002
Ridge (descriptors),LOMO,Tc,1.399577839302653,1.7448636314666515,0.09288065895154951,1.3163093364254586
Per-metal mean,LOMO,Rh,0.8808916415368641,1.0846023227954722,-0.021159068365438127,0.9
Crippen logP (neutral ligands),LOMO,Rh,0.7650168081860907,0.9690878598969095,0.18477283247295395,0.723006375612931
"kNN (k = 5, count Tanimoto)",LOMO,Rh,0.7116882592592594,0.9301906015045116,0.2489026454145734,0.5319999999999998
Ridge (descriptors),LOMO,Rh,0.7072007301999643,0.9730436046849865,0.1781038553605514,0.46902083282433815
Per-metal mean,LOMO,Re,0.9169924343065693,1.1207417490549443,-0.12280619701105744,0.8446175729927007
Crippen logP (neutral ligands),LOMO,Re,0.9646183096111688,1.145684024336883,-0.17333875334265025,1.0074182626120178
"kNN (k = 5, count Tanimoto)",LOMO,Re,1.1245368229043684,1.3835465252531423,-0.7111230294765702,0.9343000000000001
Ridge (descriptors),LOMO,Re,0.9376965124222288,1.1534045152252728,-0.18920573471073676,0.8589369206285566
Per-metal mean,LOMO,Os,1.2242653440366973,1.4493676349817433,-0.15920556853534173,1.075
Crippen logP (neutral ligands),LOMO,Os,1.1595055503964362,1.3807944604651874,-0.05211063990970999,1.0610796647451834
"kNN (k = 5, count Tanimoto)",LOMO,Os,0.8600683712121211,1.0650951013239465,0.37399166597450484,0.7528999999999999
Ridge (descriptors),LOMO,Os,0.9178604795102401,1.1223824642758249,0.30483950129043114,0.7780920739280983
Per-metal mean,LOMO,Ag,0.6938096860507674,0.8993334340041266,-0.009960104824385141,0.6044416223297058
Crippen logP (neutral ligands),LOMO,Ag,0.6068147677350831,0.761362282100673,0.27615520408415817,0.44067348001682327
"kNN (k = 5, count Tanimoto)",LOMO,Ag,0.8360762452107279,1.0956195861407012,-0.49893332497458887,0.5757
Ridge (descriptors),LOMO,Ag,0.7039863395066676,0.9283209147910619,-0.0761158062118692,0.5367858224173062
Per-metal mean,LOMO,Co,0.9878266949693596,1.2599408548240594,-0.023361351423450527,0.7231902990766761
Crippen logP (neutral ligands),LOMO,Co,0.9551244410190843,1.2211937360332137,0.038613919191324175,0.7328945102875459
"kNN (k = 5, count Tanimoto)",LOMO,Co,1.080929418522575,1.4197091285113348,-0.2993538681556607,0.7220000000000002
Ridge (descriptors),LOMO,Co,1.0349737461708046,1.2017045161521582,0.0690548779100334,0.9614862397664308
Per-metal mean,LOMO,Pd,0.8257835539944602,1.005464906565937,-0.02675160786422781,0.8374959483276587
Crippen logP (neutral ligands),LOMO,Pd,0.8137687161989231,0.9917513516017853,0.0010651622616471013,0.7941068796861047
"kNN (k = 5, count Tanimoto)",LOMO,Pd,0.8239746289308175,1.0456682020013026,-0.11050203980054385,0.6781999999999998
Ridge (descriptors),LOMO,Pd,0.6856082984644225,0.8159957638576026,0.32374986367265834,0.5457772824621755
Per-metal mean,LOMO,Ni,0.8296497693880529,1.0120867337297184,-0.3124570544673515,0.7578610239520958
Crippen logP (neutral ligands),LOMO,Ni,0.801409695069972,0.9753559955762722,-0.21892210498696119,0.6943530336809955
"kNN (k = 5, count Tanimoto)",LOMO,Ni,0.7521024854819977,0.9534953953298899,-0.16489515033929236,0.6050000000000002
Ridge (descriptors),LOMO,Ni,0.6035109812375684,0.7793150365272882,0.22182773358253005,0.5080882534887999
Per-metal mean,LOMO,Ga,0.8561240385760754,1.0542781531837608,-0.22013011067666355,0.7115259618820727
Crippen logP (neutral ligands),LOMO,Ga,0.8786426292341013,1.024479294161811,-0.15213163389225381,0.8415322097723243
"kNN (k = 5, count Tanimoto)",LOMO,Ga,0.6802842393162393,0.9409965700492697,0.02798758617033248,0.4640000000000001
Ridge (descriptors),LOMO,Ga,0.6229211830074629,0.803000420352339,0.2921727537055594,0.4705096125160234
Per-metal mean,LOMO,Zn,0.9025471940324508,1.0402980468175973,-0.085900022618848,0.845
Crippen logP (neutral ligands),LOMO,Zn,0.8038214154999601,0.9871406951006768,0.02223972544822672,0.7264002245897362
"kNN (k = 5, count Tanimoto)",LOMO,Zn,0.870954375,1.0594088830903927,-0.12616362692834682,0.8386999999999999
Ridge (descriptors),LOMO,Zn,1.1487866045520363,1.3848192079488066,-0.9242452955462375,1.2960297131800824
Per-metal mean,LOMO,Mn,1.1917492156646523,1.4869351887898896,-0.07846313176236053,0.9169237256847956
Crippen logP (neutral ligands),LOMO,Mn,1.0665427381832604,1.2580068939685873,0.22805338613619686,1.0527332839865646
"kNN (k = 5, count Tanimoto)",LOMO,Mn,1.060148148148148,1.346385448298869,0.1157805929774034,0.7640000000000002
Ridge (descriptors),LOMO,Mn,0.7908468115958923,0.9342153700837692,0.5742886386466107,0.7171282709429765
Per-metal mean,LOMO,V,0.5248873193278756,0.7014860616257054,-1.122526615654376,0.39014166732594935
Crippen logP (neutral ligands),LOMO,V,0.757924361642824,0.9290032340007353,-2.722626840166241,0.7080441936475649
"kNN (k = 5, count Tanimoto)",LOMO,V,0.4709069565217392,0.5947799746490111,-0.525905817288596,0.3088599999999999
Ridge (descriptors),LOMO,V,0.7498336442901463,0.8291513205772528,-1.9653956499539311,0.9125523030057366
Per-metal mean,LOGO,group 8,0.9580410682350882,1.2063400925674,-0.010434492679898932,0.7994222634773296
Crippen logP (neutral ligands),LOGO,group 8,1.0004200354444968,1.3600349157450857,-0.28430672173823135,0.749065553366211
"kNN (k = 5, count Tanimoto)",LOGO,group 8,0.9976985764163374,1.2761420641568813,-0.1307502377347629,0.8205000000000002
Ridge (descriptors),LOGO,group 8,0.8538363769351832,1.088074112494913,0.17797392292225345,0.6883181995161411
Per-metal mean,LOGO,group 9,1.0481548978700401,1.2729724214788156,-0.33496939261243286,0.927511998986572
Crippen logP (neutral ligands),LOGO,group 9,0.9186735929456545,1.1346765608606517,-0.06066316329576793,0.8122558919701269
"kNN (k = 5, count Tanimoto)",LOGO,group 9,1.0451196371907816,1.3312065948585452,-0.459903802284908,0.8387999999999999
Ridge (descriptors),LOGO,group 9,0.7547872561236955,0.9660622098307461,0.23114665812999147,0.6275358019260455
Per-metal mean,LOGO,group 10,1.037467503029759,1.3133776379038296,-0.17046265568687824,0.8135
Crippen logP (neutral ligands),LOGO,group 10,0.914503250832581,1.1478369621397049,0.10599749038532014,0.7640784520707753
"kNN (k = 5, count Tanimoto)",LOGO,group 10,1.002299479646085,1.2934062291136925,-0.13513685188678548,0.798
Ridge (descriptors),LOGO,group 10,0.952656557114799,1.1995085751307912,0.0236960626130992,0.7632285610220504
Per-metal mean,LOGO,group 11,0.9230700087691327,1.2249334011747672,-6.07788776196827e-06,0.7449999999999999
Crippen logP (neutral ligands),LOGO,group 11,0.8815317592983588,1.1655941019852285,0.09453354009193815,0.6930001508866662
"kNN (k = 5, count Tanimoto)",LOGO,group 11,0.8788340303287983,1.1840047135413396,0.06570387382241971,0.6654
Ridge (descriptors),LOGO,group 11,0.8925695134827352,1.1770386464685387,0.07666535645580685,0.7040098383973028
Per-metal mean,LOGO,group 7,1.2971792337688914,1.5918962399520762,-0.0024569973722967653,1.1385755553200507
Crippen logP (neutral ligands),LOGO,group 7,1.286395063186796,1.5226660369795055,0.08283904125758845,1.184190559632175
"kNN (k = 5, count Tanimoto)",LOGO,group 7,1.4097483396639932,1.6864070247497611,-0.125022071848089,1.2972666666666666
Ridge (descriptors),LOGO,group 7,1.2255744257785428,1.5016561507091197,0.1079745682405383,1.1700953435716253
Per-metal mean,LOGO,group 13,1.09996643247115,1.3274904606276896,-0.5349944974849337,1.01
Crippen logP (neutral ligands),LOGO,group 13,1.1274227368667349,1.3163020360207445,-0.5092288945007679,0.9615102251488341
"kNN (k = 5, count Tanimoto)",LOGO,group 13,1.0045170399999999,1.3275240183894697,-0.5350721050192759,0.7661666666666667
Ridge (descriptors),LOGO,group 13,0.739763920352609,0.8980927560285524,0.2974351918211986,0.6442382552008142
Per-metal mean,LOGO,group 12,0.8903758512169733,1.039100661866108,-0.03777140905158394,0.845
Crippen logP (neutral ligands),LOGO,group 12,0.8098385394424109,0.985451456343237,0.066623354503486,0.7260490939605689
"kNN (k = 5, count Tanimoto)",LOGO,group 12,0.8718705555555555,1.078422489262401,-0.11780058009282257,0.8386999999999999
Ridge (descriptors),LOGO,group 12,1.1252276284183003,1.3653287640271539,-0.7916820316804793,1.1793290250034238
Per-metal mean,LOGO,group 5,0.5248873193278756,0.7014860616257054,-1.122526615654376,0.39014166732594935
Crippen logP (neutral ligands),LOGO,group 5,0.757924361642824,0.9290032340007353,-2.722626840166241,0.7080441936475649
"kNN (k = 5, count Tanimoto)",LOGO,group 5,0.4709069565217392,0.5947799746490111,-0.525905817288596,0.3088599999999999
Ridge (descriptors),LOGO,group 5,0.7498336442901463,0.8291513205772528,-1.9653956499539311,0.9125523030057366
