model,split,mae_mean,mae_std,rmse_mean,rmse_std,r2_mean,r2_std,pooled_mae,pooled_rmse,pooled_r2,pooled_median_ae
Per-metal mean,SMILES,0.9420988741952684,0.033350066757403034,1.1979688441909353,0.04186185390700588,0.07675631844896141,0.02269894330850562,0.9421087203771032,1.1986385268455009,0.08149333716081553,0.78329004601227
Crippen logP (neutral ligands),SMILES,0.9297133921735542,0.03406548073336097,1.1914236322435272,0.0541305324885001,0.0858703214871582,0.062432177151435925,0.9297163968340084,1.1924941461811258,0.09088597621056227,0.7654492441213909
"kNN (k = 5, count Tanimoto)",SMILES,0.6226713404209565,0.033021468690317225,0.8450139260835833,0.056212518271119456,0.5375698904322248,0.06749228219438101,0.6226347212163913,0.8466238437532794,0.541766499374466,0.4625999999999999
Ridge (descriptors),SMILES,0.7896706964033664,0.03699287208721288,1.0154759120857775,0.049195843305299615,0.3360703133911734,0.045688887672057206,0.7896362021618338,1.0165012659752826,0.3394256695731974,0.646699074615393
Per-metal mean,DOI,0.9650802122904738,0.09407256840679055,1.2255643354671637,0.1026828559800819,-0.0035963148703840432,0.06280381559867215,0.9647128058718123,1.228920967911321,0.034496718885755895,0.7999666666666666
Crippen logP (neutral ligands),DOI,0.941815694195151,0.14171918671251582,1.2020525128820139,0.1914659270642242,0.03382248178385834,0.20257360672467614,0.941447903848349,1.2151173056359468,0.05606463438515419,0.7699256714562643
"kNN (k = 5, count Tanimoto)",DOI,0.8482699677999452,0.06738834849239975,1.1015157369853514,0.07485763777877807,0.18107931751664008,0.11910747988143193,0.8481168721995509,1.1037574263873295,0.22115125790904933,0.6790000000000003
Ridge (descriptors),DOI,0.8291798932491183,0.06916675649965986,1.0647602832569407,0.0782632642924736,0.2383100601591055,0.08762510459695838,0.8287135902016382,1.0667834203882298,0.2724575129853176,0.6740024026673406
Per-metal mean,LOMO,0.9467950970193875,0.23531858867848157,1.173915297521284,0.2747224224492692,-0.17573315916542825,0.2734449043348451,1.003634390809742,1.2679233871277222,-0.029613856434621333,0.8317507304460245
Crippen logP (neutral ligands),LOMO,0.90886508949693,0.21397916552122384,1.1237421862976893,0.24294638696326112,-0.1540385065289282,0.6599191314243145,0.9617208682544125,1.2519992510606135,-0.003913955962794757,0.7781650312717598
"kNN (k = 5, count Tanimoto)",LOMO,0.9015954737649076,0.24489882190313692,1.1524276603516137,0.27971095735852836,-0.14539656820047675,0.30625048427204404,0.9562383707061826,1.237325204849429,0.019480865846934092,0.7510000000000001
Ridge (descriptors),LOMO,0.8373025805875121,0.22498096761916428,1.04472005767747,0.26782187030200805,-0.00492042785418519,0.581761246028405,0.8587172647035108,1.1063867358786263,0.21602489039629114,0.691783433337964
Per-metal mean,LOGO,0.9723927893361138,0.22083041870209597,1.2096996221495488,0.2569963582808399,-0.2767027673037703,0.39216857700781305,1.0032023381682387,1.2660541375844756,-0.028310488495118635,0.8324880010134279
Crippen logP (neutral ligands),LOGO,0.9620886674574821,0.17299096089593613,1.1951956630093616,0.1966535317448713,-0.40335402418283445,0.9626183485600136,0.9691977607084953,1.2636504045863493,-0.024409490404682987,0.7790211537140385
"kNN (k = 5, count Tanimoto)",LOGO,0.9601243269154113,0.2586441881069833,1.2214866385901377,0.3075772821321192,-0.24548594904160254,0.22723992095493806,1.0117057712312296,1.3026252244557959,-0.08857580970331402,0.8069999999999999
Ridge (descriptors),LOGO,0.9117811653120014,0.1812209016242949,1.1281140669083836,0.23097551529893975,-0.23027324018144033,0.7798354363750265,0.8819227277798322,1.1306191185614116,0.17992728641232414,0.7102045770575309
