model,representation,split,fold,n_train,n_validation,n_test,extra_features,best_epoch,seconds,mae,rmse,r2,median_ae
Chemprop v2.3.1,DATIVE,SMILES,1,4123,445,511,63,31,297.70070037501864,0.5175333,0.6926073751281083,0.7459246516227722,0.37558734
Chemprop v2.3.1,DATIVE,SMILES,2,4107,461,511,62,51,439.71436145785265,0.5342004,0.7542668404271748,0.615493893623352,0.36989665
Chemprop v2.3.1,DATIVE,SMILES,3,4110,461,508,63,49,433.91710425005294,0.46501836,0.6420245119225418,0.7313417196273804,0.3263985
Chemprop v2.3.1,DATIVE,SMILES,4,4125,446,508,63,38,345.96411154186353,0.5528431,0.7614724959392761,0.5959271192550659,0.40639594
Chemprop v2.3.1,DATIVE,SMILES,5,4124,445,510,63,43,375.9976322078146,0.5725807,0.7921514198167701,0.5692805051803589,0.40209007
Chemprop v2.3.1,DATIVE,SMILES,6,4118,454,507,62,57,456.4650627919473,0.5412729,0.7621490436907578,0.5896334052085876,0.3760003
Chemprop v2.3.1,DATIVE,SMILES,7,4120,454,505,63,58,455.2925454170909,0.54890466,0.7599798454573673,0.6530458927154541,0.4022374
Chemprop v2.3.1,DATIVE,SMILES,8,4110,464,505,63,45,386.20321412500925,0.60547465,0.8486466488955823,0.5386188626289368,0.38022864
Chemprop v2.3.1,DATIVE,SMILES,9,4100,473,506,63,56,460.7566444170661,0.6016438,0.8690037994696783,0.5107834339141846,0.4055336
Chemprop v2.3.1,DATIVE,SMILES,10,4125,446,508,63,40,366.30942220799625,0.57536006,0.7826054068798033,0.6186299324035645,0.42595232
Chemprop v2.3.1,DATIVE,DOI,1,4044,539,496,63,5,93.04658662504517,0.9165699,1.1646893240932534,0.1762009859085083,0.7929888
Chemprop v2.3.1,DATIVE,DOI,2,4103,471,505,63,5,85.15920020802878,0.8082089,1.0100079656985563,0.4697158932685852,0.6906468
Chemprop v2.3.1,DATIVE,DOI,3,4100,467,512,63,28,255.35700783412904,0.7176522,0.9270957917365735,0.2545487880706787,0.610953
Chemprop v2.3.1,DATIVE,DOI,4,4147,421,511,61,5,88.39820166607387,0.758958,1.0032123587053943,0.2558879852294922,0.57040936
Chemprop v2.3.1,DATIVE,DOI,5,4170,398,511,63,21,207.41821870813146,0.7204861,0.9722705980405912,0.45905041694641113,0.5198308
Chemprop v2.3.1,DATIVE,DOI,6,4174,396,509,63,12,149.88975258287974,0.6802459,0.87279447111473,0.47223150730133057,0.52682936
Chemprop v2.3.1,DATIVE,DOI,7,4098,470,511,63,17,180.96411962481216,0.90137553,1.20295283088898,-0.05184471607208252,0.6894125
Chemprop v2.3.1,DATIVE,DOI,8,4115,456,508,63,25,242.84761304198764,0.7693769,1.0039394388019236,0.31826043128967285,0.6042371
Chemprop v2.3.1,DATIVE,DOI,9,4146,424,509,63,3,77.93538812501356,0.7436762,0.9696911885089654,0.2780095934867859,0.59782374
Chemprop v2.3.1,DATIVE,DOI,10,4069,503,507,63,7,107.74020500015467,0.7630038,1.0248198746373238,0.35757774114608765,0.57292485
Chemprop v2.3.1,DATIVE,LOMO,Ru,2806,288,1689,62,16,95.62816595914774,0.8575219,1.1056182544560698,0.19650530815124512,0.6921662
Chemprop v2.3.1,DATIVE,LOMO,Pt,3755,449,742,62,11,135.66948866681196,0.9732493,1.2301671218537014,-0.014898896217346191,0.7622463
Chemprop v2.3.1,DATIVE,LOMO,Ir,3766,397,732,62,10,111.20400487515144,0.71902585,0.9260727628643945,0.21504324674606323,0.57005334
Chemprop v2.3.1,DATIVE,LOMO,Cu,4237,444,349,62,21,220.19543420895934,0.9804116,1.2890190348377608,0.13070827722549438,0.7763109
Chemprop v2.3.1,DATIVE,LOMO,Au,4149,543,347,63,11,146.43725291616283,0.7523438,0.9706023872035642,0.14574569463729858,0.61944675
Chemprop v2.3.1,DATIVE,LOMO,Fe,4318,478,206,63,4,93.22598133306019,0.7436614,0.9020596011404705,-0.41617703437805176,0.7034844
Chemprop v2.3.1,DATIVE,LOMO,Tc,4390,496,182,63,18,197.74299645796418,1.1018062,1.2941844100292588,0.5009617805480957,1.0749316
Chemprop v2.3.1,DATIVE,LOMO,Rh,4365,450,120,61,11,141.9890155000612,0.6437111,0.8975426571306632,0.3007016181945801,0.45047486
Chemprop v2.3.1,DATIVE,LOMO,Re,4431,501,110,63,12,159.55974379205145,0.63640857,0.8146595133081327,0.4067387580871582,0.4758559
Chemprop v2.3.1,DATIVE,LOMO,Os,4472,433,88,63,2,75.08903050003573,0.89480966,1.0929172070165343,0.34085965156555176,0.7948332
Chemprop v2.3.1,DATIVE,LOMO,Ag,4471,491,87,62,4,93.28466791589744,0.59883666,0.7678941071443297,0.2636820077896118,0.5622808
Chemprop v2.3.1,DATIVE,LOMO,Co,4445,537,83,62,10,147.06740125012584,0.9956777,1.1923491702070927,0.08349341154098511,0.94641554
Chemprop v2.3.1,DATIVE,LOMO,Pd,4493,500,53,63,28,297.87972379196435,0.799076,1.0183897680408365,-0.05331826210021973,0.58845055
Chemprop v2.3.1,DATIVE,LOMO,Ni,4486,524,41,63,29,308.93221395788714,0.6785361,0.8299756155108907,0.1173667311668396,0.62547064
Chemprop v2.3.1,DATIVE,LOMO,Ga,4555,482,39,63,8,129.66579120908864,0.703491,0.9066923969021123,0.09756553173065186,0.49013865
Chemprop v2.3.1,DATIVE,LOMO,Zn,4410,613,32,63,10,141.85530087491497,0.95727766,1.1814083659265744,-0.4004718065261841,0.8179619
Chemprop v2.3.1,DATIVE,LOMO,Mn,4500,538,27,63,13,173.15545570896938,0.7307206,0.8951133932707026,0.6091794967651367,0.62906134
Chemprop v2.3.1,DATIVE,LOMO,V,4596,460,23,63,28,317.06730279210024,0.5172539,0.6679336806343643,-0.924339771270752,0.4138319
Chemprop v2.3.1,DATIVE,LOGO,group 8,2540,261,2024,62,16,75.06391174998134,0.939306,1.1812251598027108,0.031200170516967773,0.76422274
Chemprop v2.3.1,DATIVE,LOGO,group 9,3562,385,935,61,6,83.54090458410792,0.7727949,0.9973497139383221,0.180539071559906,0.6023643
Chemprop v2.3.1,DATIVE,LOGO,group 10,3674,432,836,62,5,89.98294783290476,0.94838417,1.2115967463468866,0.003919363021850586,0.763113
Chemprop v2.3.1,DATIVE,LOGO,group 11,3810,414,784,62,17,177.96811133320443,0.86266714,1.1296625474888666,0.14949840307235718,0.69550544
Chemprop v2.3.1,DATIVE,LOGO,group 7,4262,456,319,63,4,89.36578366602771,1.1377009,1.3478373972456998,0.2813601493835449,1.061904
Chemprop v2.3.1,DATIVE,LOGO,group 13,4559,467,50,63,15,186.25918433396146,0.8419896,1.0524945100835934,0.03509700298309326,0.7355721
Chemprop v2.3.1,DATIVE,LOGO,group 12,4471,546,36,63,14,179.1651543751359,0.9907161,1.2316757337488524,-0.4580729007720947,0.72191125
Chemprop v2.3.1,DATIVE,LOGO,group 5,4611,445,23,62,7,124.87302500009537,0.62860185,0.7182327565487743,-1.2250792980194092,0.62826675
