model,representation,split,fold,n_train,n_validation,n_test,n_features,best_epoch,seconds,mae,rmse,r2,median_ae
CheMeleon (frozen),DATIVE,SMILES,1,4123,445,511,2111,156,15.844159457832575,0.546411,0.727215504223877,0.71989905834198,0.39264655
CheMeleon (frozen),DATIVE,SMILES,2,4107,461,511,2110,65,7.078138708136976,0.5336276,0.7417842371759493,0.628115177154541,0.36107826
CheMeleon (frozen),DATIVE,SMILES,3,4110,461,508,2111,98,9.93145254184492,0.4970876,0.6911949438274965,0.6886146068572998,0.36007288
CheMeleon (frozen),DATIVE,SMILES,4,4125,446,508,2111,67,7.464218208100647,0.53263205,0.7354394624615335,0.6230834722518921,0.39973795
CheMeleon (frozen),DATIVE,SMILES,5,4124,445,510,2111,116,13.07469275011681,0.53292334,0.7369794317633666,0.6271889209747314,0.37958363
CheMeleon (frozen),DATIVE,SMILES,6,4118,454,507,2110,55,6.559683416038752,0.52211326,0.7300443997663347,0.6234776973724365,0.35649282
CheMeleon (frozen),DATIVE,SMILES,7,4120,454,505,2111,88,9.386900499928743,0.528808,0.7481538780713045,0.663759708404541,0.3600486
CheMeleon (frozen),DATIVE,SMILES,8,4110,464,505,2111,100,9.795785165857524,0.5614416,0.785570746940684,0.6046546697616577,0.39711952
CheMeleon (frozen),DATIVE,SMILES,9,4100,473,506,2111,131,12.93911224999465,0.59094405,0.8574874609539237,0.5236640572547913,0.39544532
CheMeleon (frozen),DATIVE,SMILES,10,4125,446,508,2111,115,11.190136208897457,0.52526313,0.7141830643055185,0.6824003458023071,0.39438683
CheMeleon (frozen),DATIVE,DOI,1,4044,539,496,2111,13,2.5851238339673728,0.7890699,1.003215745285502,0.38879090547561646,0.6418432
CheMeleon (frozen),DATIVE,DOI,2,4103,471,505,2111,6,2.1313375420868397,0.779482,0.9845126222350574,0.49614959955215454,0.6709738
CheMeleon (frozen),DATIVE,DOI,3,4100,467,512,2111,32,4.355919583002105,0.7258214,0.9099989988510158,0.2817893624305725,0.62984383
CheMeleon (frozen),DATIVE,DOI,4,4147,421,511,2109,8,2.336807084036991,0.7779534,1.0510526398815918,0.1832268238067627,0.55344164
CheMeleon (frozen),DATIVE,DOI,5,4170,398,511,2111,42,5.461731916991994,0.78874093,1.0802591182550796,0.3322123885154724,0.56001633
CheMeleon (frozen),DATIVE,DOI,6,4174,396,509,2111,17,3.018125625094399,0.7060142,0.9160292244168069,0.41864943504333496,0.5449241
CheMeleon (frozen),DATIVE,DOI,7,4098,470,511,2111,12,2.6226527080871165,0.88509184,1.138127715491418,0.05846512317657471,0.7217468
CheMeleon (frozen),DATIVE,DOI,8,4115,456,508,2111,30,3.8792782921809703,0.7739856,1.0009414294520342,0.32232606410980225,0.6152117
CheMeleon (frozen),DATIVE,DOI,9,4146,424,509,2111,4,1.9722817081492394,0.7348057,0.9647865123991388,0.285294771194458,0.5764178
CheMeleon (frozen),DATIVE,DOI,10,4069,503,507,2111,8,2.2657183748669922,0.778446,1.0263673617202218,0.3556361198425293,0.5967293
CheMeleon (frozen),DATIVE,LOMO,Ru,2806,288,1689,2110,13,1.800807167077437,0.8987873,1.1366404083627213,0.1507827639579773,0.736077
CheMeleon (frozen),DATIVE,LOMO,Pt,3755,449,742,2110,4,1.754734667018056,0.9347095,1.1657562222904752,0.08859789371490479,0.7758189
CheMeleon (frozen),DATIVE,LOMO,Ir,3766,397,732,2110,10,2.1445874171331525,0.7659622,0.9840679900960209,0.11364907026290894,0.6430276
CheMeleon (frozen),DATIVE,LOMO,Cu,4237,444,349,2110,78,8.282624291954562,0.9856903,1.2690059103110427,0.15749168395996094,0.7954751
CheMeleon (frozen),DATIVE,LOMO,Au,4149,543,347,2111,45,5.266242417041212,0.82793576,1.0660013960423016,-0.0304335355758667,0.6792581
CheMeleon (frozen),DATIVE,LOMO,Fe,4318,478,206,2111,12,2.693332208087668,0.61026615,0.7991810883926903,-0.11157166957855225,0.47052866
CheMeleon (frozen),DATIVE,LOMO,Tc,4390,496,182,2111,21,3.51235929178074,1.0818664,1.3216010583144793,0.4795941710472107,0.955729
CheMeleon (frozen),DATIVE,LOMO,Rh,4365,450,120,2109,12,2.6626071671489626,0.75234294,0.9984195259876242,0.1346765160560608,0.5572915
CheMeleon (frozen),DATIVE,LOMO,Re,4431,501,110,2111,12,2.7026879170443863,0.6907155,0.8596555771996843,0.3393937349319458,0.57708246
CheMeleon (frozen),DATIVE,LOMO,Os,4472,433,88,2111,17,3.5090495829936117,0.8163788,1.0296389393216594,0.4149765372276306,0.60368365
CheMeleon (frozen),DATIVE,LOMO,Ag,4471,491,87,2110,76,8.634528999915347,0.8566755,1.0224072461390825,-0.3053007125854492,0.7968919
CheMeleon (frozen),DATIVE,LOMO,Co,4445,537,83,2110,24,3.785342208109796,0.97738,1.1894269667882598,0.08798021078109741,0.8820942
CheMeleon (frozen),DATIVE,LOMO,Pd,4493,500,53,2111,12,2.755425084149465,0.6445135,0.8507424001519619,0.2649316191673279,0.46846235
CheMeleon (frozen),DATIVE,LOMO,Ni,4486,524,41,2111,19,3.2919075419194996,0.5827864,0.6902587117782105,0.38951724767684937,0.52226776
CheMeleon (frozen),DATIVE,LOMO,Ga,4555,482,39,2111,4,2.230785791995004,0.61418563,0.7721274870303962,0.3455541133880615,0.5326202
CheMeleon (frozen),DATIVE,LOMO,Zn,4410,613,32,2111,35,4.599643749883398,0.7305191,0.9269589044171325,0.1378253698348999,0.5786165
CheMeleon (frozen),DATIVE,LOMO,Mn,4500,538,27,2111,13,2.8164665831718594,0.6193592,0.7678368595840809,0.7124196887016296,0.4493116
CheMeleon (frozen),DATIVE,LOMO,V,4596,460,23,2111,45,5.7629072919953614,0.37880218,0.46216679568597857,0.07867562770843506,0.3105747
CheMeleon (frozen),DATIVE,LOGO,group 8,2540,261,2024,2110,11,1.5265937910880893,0.9556762,1.3195322654453705,-0.20895099639892578,0.74986
CheMeleon (frozen),DATIVE,LOGO,group 9,3562,385,935,2109,65,5.712391500128433,0.80276483,1.0643339597861667,0.06676900386810303,0.61589205
CheMeleon (frozen),DATIVE,LOGO,group 10,3674,432,836,2110,41,4.245359959080815,0.8995021,1.1294222909539686,0.134452223777771,0.71810544
CheMeleon (frozen),DATIVE,LOGO,group 11,3810,414,784,2110,26,3.321377292042598,0.8665424,1.109709675770605,0.1792774200439453,0.72821414
CheMeleon (frozen),DATIVE,LOGO,group 7,4262,456,319,2111,9,2.649594542104751,0.9419818,1.1630594937563794,0.4648935794830322,0.856202
CheMeleon (frozen),DATIVE,LOGO,group 13,4559,467,50,2111,104,10.882500542094931,1.0827026,1.3066528502207426,-0.48718297481536865,1.0210874
CheMeleon (frozen),DATIVE,LOGO,group 12,4471,546,36,2111,10,2.702409124933183,0.93008584,1.1548993753799994,-0.28196096420288086,0.8775413
CheMeleon (frozen),DATIVE,LOGO,group 5,4611,445,23,2110,16,3.239470290951431,0.3641686,0.425745078834007,0.21816641092300415,0.29459894
