split,fold,target,repeat,n_train,mae
SMILES,1,250,0,253,1.0110859569666848
SMILES,1,250,1,251,0.8736694839093953
SMILES,1,250,2,251,0.987228934846507
SMILES,1,500,0,501,1.0799432718708244
SMILES,1,500,1,513,0.8282178356457138
SMILES,1,500,2,501,0.8800407851707757
SMILES,1,1000,0,1002,0.781683057126932
SMILES,1,1000,1,1008,0.6931573225731454
SMILES,1,1000,2,1000,0.659727394694835
SMILES,1,2000,0,2014,0.6929600054959403
SMILES,1,2000,1,2007,0.6291614094798308
SMILES,1,2000,2,2009,0.6004019447487113
SMILES,1,3000,0,3004,0.573005816172737
SMILES,1,3000,1,3006,0.6239238410510842
SMILES,1,3000,2,3002,0.561914371407279
SMILES,1,full,0,4568,0.48789709876150134
SMILES,2,250,0,256,0.8368354352512273
SMILES,2,250,1,252,0.8284556470118319
SMILES,2,250,2,252,0.8397043311707391
SMILES,2,500,0,501,0.7604615672913321
SMILES,2,500,1,503,0.8888324956973352
SMILES,2,500,2,507,0.821444874419143
SMILES,2,1000,0,1001,0.7145457821885223
SMILES,2,1000,1,1003,0.7519975359238955
SMILES,2,1000,2,1001,0.7100463433297415
SMILES,2,2000,0,2001,0.6325095859823904
SMILES,2,2000,1,2001,0.6272702682473018
SMILES,2,2000,2,2001,0.5965133892947319
SMILES,2,3000,0,3002,0.5686557297025184
SMILES,2,3000,1,3001,0.5709677393204425
SMILES,2,3000,2,3003,0.5699975891201906
SMILES,2,full,0,4568,0.5117067357353268
SMILES,3,250,0,253,0.8907417761894798
SMILES,3,250,1,250,0.9139138654906804
SMILES,3,250,2,258,0.8329278318321797
SMILES,3,500,0,502,0.7912802545963619
SMILES,3,500,1,503,0.7655857710133427
SMILES,3,500,2,500,0.7663806473274415
SMILES,3,1000,0,1001,0.6516175831092826
SMILES,3,1000,1,1001,0.7322903350480223
SMILES,3,1000,2,1001,0.7073033931742844
SMILES,3,2000,0,2000,0.6194572491058233
SMILES,3,2000,1,2000,0.5931522325504458
SMILES,3,2000,2,2000,0.6064943280778029
SMILES,3,3000,0,3005,0.5592992694117709
SMILES,3,3000,1,3000,0.5418672220479664
SMILES,3,3000,2,3007,0.5267946969177676
SMILES,3,full,0,4571,0.4625000804475141
SMILES,4,250,0,256,0.9062551136909945
SMILES,4,250,1,255,0.861891016563687
SMILES,4,250,2,251,0.8530127066685772
SMILES,4,500,0,515,0.7724922029796091
SMILES,4,500,1,503,0.8060633366758818
SMILES,4,500,2,505,0.7922961217567213
SMILES,4,1000,0,1000,0.7114813376492192
SMILES,4,1000,1,1003,0.7003879109563516
SMILES,4,1000,2,1000,0.7467482180690449
SMILES,4,2000,0,2000,0.6034665489837303
SMILES,4,2000,1,2003,0.6286033147360847
SMILES,4,2000,2,2003,0.6158671388570202
SMILES,4,3000,0,3001,0.5541663412338886
SMILES,4,3000,1,3004,0.5673167965856668
SMILES,4,3000,2,3000,0.5666463107079918
SMILES,4,full,0,4571,0.5032717283466911
SMILES,5,250,0,260,0.8949391016192353
SMILES,5,250,1,250,0.9335194307346338
SMILES,5,250,2,256,0.9182583159468058
SMILES,5,500,0,504,0.7872469957934696
SMILES,5,500,1,501,0.9092831415327354
SMILES,5,500,2,501,0.8264993775893991
SMILES,5,1000,0,1004,0.8037798153938391
SMILES,5,1000,1,1010,0.7404422356366538
SMILES,5,1000,2,1000,0.7478499148240555
SMILES,5,2000,0,2001,0.6881004971903124
SMILES,5,2000,1,2000,0.6698871359638499
SMILES,5,2000,2,2003,0.6491627910007477
SMILES,5,3000,0,3001,0.5587773007260372
SMILES,5,3000,1,3003,0.5700888942608253
SMILES,5,3000,2,3002,0.5931326506284877
SMILES,5,full,0,4569,0.5306629037219032
SMILES,6,250,0,250,0.8464206124806867
SMILES,6,250,1,250,0.8193616546037957
SMILES,6,250,2,253,0.8754951544766133
SMILES,6,500,0,506,0.8573615827442981
SMILES,6,500,1,506,0.8532053500746288
SMILES,6,500,2,503,0.8095925106998438
SMILES,6,1000,0,1005,0.7081760347124914
SMILES,6,1000,1,1005,0.7236819684052318
SMILES,6,1000,2,1000,0.7131379881439729
SMILES,6,2000,0,2002,0.6258750052504777
SMILES,6,2000,1,2001,0.5997009685021716
SMILES,6,2000,2,2000,0.5824320343890915
SMILES,6,3000,0,3003,0.5792449414483526
SMILES,6,3000,1,3004,0.5682198297321703
SMILES,6,3000,2,3002,0.5659428010809693
SMILES,6,full,0,4572,0.4900797371189398
SMILES,7,250,0,250,0.8980504019738916
SMILES,7,250,1,251,0.9304395310694198
SMILES,7,250,2,252,0.9249875041804658
SMILES,7,500,0,501,0.8132780932275431
SMILES,7,500,1,501,0.8045372027330376
SMILES,7,500,2,513,0.8098965211553314
SMILES,7,1000,0,1000,0.7465704551039231
SMILES,7,1000,1,1002,0.7337653007659017
SMILES,7,1000,2,1000,0.7681656037326
SMILES,7,2000,0,2000,0.6298955489748821
SMILES,7,2000,1,2007,0.6450425311406243
SMILES,7,2000,2,2005,0.6072903019225881
SMILES,7,3000,0,3003,0.6058173837907996
SMILES,7,3000,1,3006,0.5983906191146288
SMILES,7,3000,2,3002,0.5878272359291173
SMILES,7,full,0,4574,0.5135961330846212
SMILES,8,250,0,251,0.901595767698052
SMILES,8,250,1,253,0.9029857172694372
SMILES,8,250,2,256,0.9844356708607702
SMILES,8,500,0,506,0.8428606183718247
SMILES,8,500,1,501,0.7981436373130972
SMILES,8,500,2,502,0.8417334471785823
SMILES,8,1000,0,1002,0.7659439494728975
SMILES,8,1000,1,1000,0.803373364182953
SMILES,8,1000,2,1003,0.7838074924162557
SMILES,8,2000,0,2000,0.6726813473595595
SMILES,8,2000,1,2001,0.6721205962083912
SMILES,8,2000,2,2000,0.6661142139018181
SMILES,8,3000,0,3003,0.5836258142552028
SMILES,8,3000,1,3002,0.5943114587083007
SMILES,8,3000,2,3001,0.6347454450590171
SMILES,8,full,0,4574,0.5273671649278059
SMILES,9,250,0,250,0.9525612279714281
SMILES,9,250,1,256,0.9240134005387064
SMILES,9,250,2,251,0.8936719784667325
SMILES,9,500,0,502,0.894967450783283
SMILES,9,500,1,500,0.9011411783690252
SMILES,9,500,2,500,0.8539057356416824
SMILES,9,1000,0,1002,0.8294684623070112
SMILES,9,1000,1,1000,0.7424854438648482
SMILES,9,1000,2,1000,0.7896608669556342
SMILES,9,2000,0,2000,0.7099470976482538
SMILES,9,2000,1,2002,0.7067445561624717
SMILES,9,2000,2,2001,0.7012877654281227
SMILES,9,3000,0,3003,0.6517018655237414
SMILES,9,3000,1,3005,0.6336413396003614
SMILES,9,3000,2,3013,0.6239405253408817
SMILES,9,full,0,4573,0.5585324777806643
SMILES,10,250,0,253,0.9157741988176751
SMILES,10,250,1,251,0.8980420908345652
SMILES,10,250,2,251,0.8900208525280434
SMILES,10,500,0,502,0.8933631527240717
SMILES,10,500,1,502,0.85894906195607
SMILES,10,500,2,500,0.850224914710646
SMILES,10,1000,0,1002,0.7494460212035768
SMILES,10,1000,1,1001,0.7435767830167159
SMILES,10,1000,2,1010,0.7747916085578649
SMILES,10,2000,0,2001,0.6584105663541958
SMILES,10,2000,1,2005,0.6641916190364695
SMILES,10,2000,2,2003,0.6658024718318745
SMILES,10,3000,0,3003,0.5666459585682588
SMILES,10,3000,1,3000,0.5762949882743804
SMILES,10,3000,2,3000,0.5980016332943885
SMILES,10,full,0,4571,0.5027435476806056
DOI,1,250,0,253,1.1584421745637379
DOI,1,250,1,250,1.117590474880722
DOI,1,250,2,253,1.081548401616604
DOI,1,500,0,505,1.0578263731933866
DOI,1,500,1,501,1.0631109480914096
DOI,1,500,2,500,1.03966770724371
DOI,1,1000,0,1001,1.0023428896738382
DOI,1,1000,1,1018,1.149650468330293
DOI,1,1000,2,1006,1.0699101300689904
DOI,1,2000,0,2003,1.0646822337074453
DOI,1,2000,1,2006,0.9994115332375529
DOI,1,2000,2,2013,1.0149181409213912
DOI,1,3000,0,3000,0.8688446286265877
DOI,1,3000,1,3007,0.8468439714464744
DOI,1,3000,2,3000,0.8749443673723246
DOI,1,full,0,4583,0.8573313998280504
DOI,2,250,0,251,0.9147073818342726
DOI,2,250,1,266,0.921721639239805
DOI,2,250,2,250,0.9595935677421368
DOI,2,500,0,502,0.9453811583547107
DOI,2,500,1,500,0.9650287956303925
DOI,2,500,2,506,0.8935471073559529
DOI,2,1000,0,1006,0.8005769845663391
DOI,2,1000,1,1007,0.7899566489322598
DOI,2,1000,2,1000,0.847064251888914
DOI,2,2000,0,2016,0.8530647793471458
DOI,2,2000,1,2000,0.8222222961114313
DOI,2,2000,2,2004,0.8172020771552218
DOI,2,3000,0,3006,0.8328879289104969
DOI,2,3000,1,3006,0.7951448680969542
DOI,2,3000,2,3001,0.7898002696854953
DOI,2,full,0,4574,0.7704865677096574
DOI,3,250,0,252,0.905267956250335
DOI,3,250,1,250,0.9346191972642792
DOI,3,250,2,250,0.8900262494631461
DOI,3,500,0,501,0.7742873715107255
DOI,3,500,1,505,0.8331897601755365
DOI,3,500,2,500,0.7888405233920934
DOI,3,1000,0,1004,0.7310537667950012
DOI,3,1000,1,1000,0.7636770611192489
DOI,3,1000,2,1004,0.7712473439546392
DOI,3,2000,0,2004,0.7106323977730167
DOI,3,2000,1,2000,0.6959654513557431
DOI,3,2000,2,2000,0.7019024551180475
DOI,3,3000,0,3003,0.7288599784260441
DOI,3,3000,1,3016,0.7031420468917141
DOI,3,3000,2,3000,0.6993952887230208
DOI,3,full,0,4567,0.6954385527539779
DOI,4,250,0,253,0.9374363930337388
DOI,4,250,1,256,0.9269179147074685
DOI,4,250,2,252,0.9634987528812506
DOI,4,500,0,501,0.9145247010062209
DOI,4,500,1,501,0.8682892243656771
DOI,4,500,2,506,0.9065366088511412
DOI,4,1000,0,1001,0.8168433873696634
DOI,4,1000,1,1002,0.8002872558866114
DOI,4,1000,2,1001,0.8673590801982913
DOI,4,2000,0,2006,0.7868527801430553
DOI,4,2000,1,2011,0.7679779974190529
DOI,4,2000,2,2005,0.7714806501714184
DOI,4,3000,0,3004,0.7455556599825408
DOI,4,3000,1,3005,0.7789559099600493
DOI,4,3000,2,3002,0.7606679545246752
DOI,4,full,0,4568,0.73396467704052
DOI,5,250,0,257,1.0518597055114
DOI,5,250,1,253,1.0621530394023155
DOI,5,250,2,254,1.0133129684110975
DOI,5,500,0,507,0.9024731519405256
DOI,5,500,1,500,0.9179753917021023
DOI,5,500,2,505,0.9012956372673803
DOI,5,1000,0,1000,0.8257910330704171
DOI,5,1000,1,1011,0.8800374199922674
DOI,5,1000,2,1000,0.865407496876942
DOI,5,2000,0,2005,0.7931921415571039
DOI,5,2000,1,2003,0.8086458667551889
DOI,5,2000,2,2015,0.800261373438043
DOI,5,3000,0,3002,0.7646088643041543
DOI,5,3000,1,3004,0.7692265163524384
DOI,5,3000,2,3006,0.7459021056317249
DOI,5,full,0,4568,0.7015323421942041
DOI,6,250,0,250,0.9023859707805796
DOI,6,250,1,250,0.8836894337101331
DOI,6,250,2,253,0.9272264087501508
DOI,6,500,0,500,0.8838135414802236
DOI,6,500,1,504,0.8652842524893336
DOI,6,500,2,501,0.8489927421665724
DOI,6,1000,0,1002,0.7719021343918622
DOI,6,1000,1,1000,0.846029970174805
DOI,6,1000,2,1001,0.7956998262585052
DOI,6,2000,0,2004,0.7295640535356346
DOI,6,2000,1,2003,0.7646770262538252
DOI,6,2000,2,2001,0.749878760310234
DOI,6,3000,0,3001,0.7209760110471778
DOI,6,3000,1,3002,0.7003660796340471
DOI,6,3000,2,3005,0.7415074677435226
DOI,6,full,0,4570,0.711425092486067
DOI,7,250,0,250,1.0085895218939618
DOI,7,250,1,257,1.00299773232431
DOI,7,250,2,251,0.9519350700349533
DOI,7,500,0,501,0.9785709034483985
DOI,7,500,1,502,0.8906828276106592
DOI,7,500,2,502,0.8784066552954001
DOI,7,1000,0,1000,0.8539228468631912
DOI,7,1000,1,1002,0.921846396675574
DOI,7,1000,2,1002,0.8828852773653458
DOI,7,2000,0,2007,0.8242302817426705
DOI,7,2000,1,2002,0.8755148448768324
DOI,7,2000,2,2005,0.8934227172941074
DOI,7,3000,0,3000,0.7900018413997155
DOI,7,3000,1,3002,0.8210616930312441
DOI,7,3000,2,3001,0.7900815865488047
DOI,7,full,0,4568,0.7765922641931131
DOI,8,250,0,253,0.9353921991934265
DOI,8,250,1,251,0.9693946413691941
DOI,8,250,2,250,0.9416521823411375
DOI,8,500,0,504,0.9000520546753612
DOI,8,500,1,500,0.8061322880626962
DOI,8,500,2,500,0.8544022444510868
DOI,8,1000,0,1014,0.8253906297761132
DOI,8,1000,1,1000,0.8530640664360019
DOI,8,1000,2,1001,0.8399160201565036
DOI,8,2000,0,2000,0.7870108122512921
DOI,8,2000,1,2001,0.793122873926036
DOI,8,2000,2,2002,0.8257201955001855
DOI,8,3000,0,3001,0.8126110611948779
DOI,8,3000,1,3000,0.7746607497152779
DOI,8,3000,2,3007,0.7933067176483529
DOI,8,full,0,4571,0.769589440696071
DOI,9,250,0,250,0.9488795329990295
DOI,9,250,1,250,0.9049120594105454
DOI,9,250,2,253,0.8367831630404239
DOI,9,500,0,500,0.807439171956936
DOI,9,500,1,502,0.8810644465597222
DOI,9,500,2,500,0.8912967989650505
DOI,9,1000,0,1003,0.8588524210515873
DOI,9,1000,1,1000,0.750425698735858
DOI,9,1000,2,1000,0.8542809743144433
DOI,9,2000,0,2006,0.7671789764658968
DOI,9,2000,1,2003,0.7763373323625455
DOI,9,2000,2,2004,0.750274492713259
DOI,9,3000,0,3001,0.7543784387659754
DOI,9,3000,1,3002,0.7919799574727229
DOI,9,3000,2,3001,0.7956216019736051
DOI,9,full,0,4570,0.7546615615867897
DOI,10,250,0,252,0.8995122969794294
DOI,10,250,1,252,0.8958742762955328
DOI,10,250,2,252,0.8852110095619928
DOI,10,500,0,501,0.8615991638506039
DOI,10,500,1,502,0.776729310650446
DOI,10,500,2,503,0.8175587875112895
DOI,10,1000,0,1005,0.7546924191366862
DOI,10,1000,1,1011,0.8099421325356807
DOI,10,1000,2,1001,0.7643408551483489
DOI,10,2000,0,2001,0.7548009774717481
DOI,10,2000,1,2005,0.7463689852195172
DOI,10,2000,2,2009,0.7395771651311341
DOI,10,3000,0,3004,0.7293176648892965
DOI,10,3000,1,3001,0.7088757216722229
DOI,10,3000,2,3003,0.7198136456691806
DOI,10,full,0,4572,0.7006750685124773
