model,split,fold,n_train,n_test,n_features,seconds,mae,rmse,r2,median_ae
LightGBM,LOMO,Ru,3326,1689,2100,0.8876885001081973,0.8015607291417538,1.0328779583828807,0.2987536184116526,0.6549814439597579
LightGBM,LOMO,Pt,4315,742,2100,0.9698105421848595,1.0938074159078681,1.3676060914609915,-0.2543438294208775,0.8888263877207583
LightGBM,LOMO,Ir,4327,732,2100,0.9491041670553386,0.7251258385759747,0.9152795158621247,0.23323374852691225,0.5926971863647231
LightGBM,LOMO,Cu,4727,349,2100,1.0014629168435931,0.9255945370109012,1.2062984803770416,0.23869889750303452,0.7363546237223761
LightGBM,LOMO,Au,4724,347,2100,0.9596762501168996,0.7194777033047965,0.9806394890615593,0.1279865057599261,0.5465643461434765
LightGBM,LOMO,Fe,4809,206,2100,0.9760312910657376,0.5093276007256433,0.6422779447135603,0.28205180562598997,0.4389077952130684
LightGBM,LOMO,Tc,4896,182,2100,0.987665707943961,1.2988385274212266,1.5050289795449303,0.32511283265713664,1.3563469106358033
LightGBM,LOMO,Rh,4958,120,2100,1.0170709169469774,0.6190970024016408,0.8687737411558762,0.344812339267093,0.47086496576399134
LightGBM,LOMO,Re,4963,110,2100,1.006208417005837,0.6670611212354668,0.8376900635667329,0.37272146231390335,0.5168072551637719
LightGBM,LOMO,Os,4991,88,2100,1.013949542073533,0.6352858978663917,0.800213240707829,0.6466420987463335,0.4876618650716874
LightGBM,LOMO,Ag,4992,87,2100,0.9881732908543199,0.5669622131305011,0.692332088904938,0.4014620902068725,0.5371744612784513
LightGBM,LOMO,Co,4994,83,2100,0.987387124914676,0.9045886458118142,1.1979685070891835,0.07483435683525896,0.6853181771041175
LightGBM,LOMO,Pd,5025,53,2100,1.0101689589209855,0.5567251982729885,0.719458806843284,0.47429340707437195,0.4440413262496604
LightGBM,LOMO,Ni,5038,41,2100,0.9931774998549372,0.5262008960700344,0.6813670704634228,0.40514390082303875,0.3799872118944454
LightGBM,LOMO,Ga,5039,39,2100,1.0250107089523226,0.7006809630591109,0.8964932298202182,0.11775387610290933,0.5485762872677085
LightGBM,LOMO,Zn,5046,32,2100,1.1471058330498636,0.672986990701762,0.8208848975760377,0.3238566089324335,0.5698341042040642
LightGBM,LOMO,Mn,5051,27,2100,1.0523276249878109,0.6903430172464804,0.8177727202825243,0.6737981179555375,0.6625449523053021
LightGBM,LOMO,V,5056,23,2100,1.046526834135875,0.5420702087108811,0.629100872046515,-0.7070868896600606,0.5553938152670634
LightGBM,LOGO,group 8,3009,2024,2100,0.7963079160545021,0.8355322105257742,1.068461687030899,0.20734072238955403,0.6859842299827658
LightGBM,LOGO,group 9,4121,935,2100,0.9203425419982523,0.7207801272686273,0.9343941021999342,0.2807274343309418,0.5531884668711984
LightGBM,LOGO,group 10,4220,836,2100,0.9461142080835998,1.0709015590293025,1.358343262454323,-0.2519800040997695,0.8575263888375324
LightGBM,LOGO,group 11,4286,784,2100,0.924635874805972,0.8441355121637434,1.109186984292301,0.18005029309791964,0.6867941687802712
LightGBM,LOGO,group 7,4752,319,2100,0.9533719590399414,1.1812835630724006,1.4186193409515984,0.20389932725862991,1.0773785438791261
LightGBM,LOGO,group 13,5028,50,2100,0.9975104590412229,0.8713980888740047,1.0500923674175027,0.039496373755859904,0.7389103935677277
LightGBM,LOGO,group 12,5042,36,2100,1.0069537500385195,0.6801462836865513,0.8211213242529658,0.35196103430319625,0.5387694249873717
LightGBM,LOGO,group 5,5056,23,2100,0.9880132090765983,0.5420702087108811,0.629100872046515,-0.7070868896600606,0.5553938152670634
