split,group,mean_abs_shap,fraction
DOI,conditions,0.09605966862849324,0.03513715200232738
DOI,coordination,0.08188750813138863,0.029953193274403597
DOI,ion pair,0.2857010598880619,0.10450506140446107
DOI,ligands: descriptors,0.7718408850029158,0.28232754583866965
DOI,ligands: fingerprint,1.3971740879249726,0.5110648308708717
DOI,metal,0.10118581216988397,0.037012216609266575
LOGO,conditions,0.07915710531724346,0.028998904240724915
LOGO,coordination,0.08529279063288012,0.03124668920211624
LOGO,ion pair,0.2672169503618051,0.09789391266879108
LOGO,ligands: descriptors,0.7969108394148764,0.29194525277257155
LOGO,ligands: fingerprint,1.3706751621781563,0.5021416285227119
LOGO,metal,0.13040564746943797,0.04777361259308431
LOMO,conditions,0.093420828783816,0.03418374570133837
LOMO,coordination,0.08088123636070352,0.029595365955938757
LOMO,ion pair,0.2802739223807566,0.10255542167744276
LOMO,ligands: descriptors,0.7377463613804889,0.2699497996092193
LOMO,ligands: fingerprint,1.4136591805843177,0.5172740015964005
LOMO,metal,0.1269205228487388,0.04644166545966038
SMILES,conditions,0.09770943576215048,0.03596019622701193
SMILES,coordination,0.08164882054519859,0.03004937635354537
SMILES,ion pair,0.28593677967409215,0.10523387659949299
SMILES,ligands: descriptors,0.7644826440326772,0.28135405426431803
SMILES,ligands: fingerprint,1.3853385521379793,0.509848877819678
SMILES,metal,0.10203901208861249,0.03755361873595359
