model,split,n,n_folds,pooled_mae,pooled_rmse,pooled_r2,pooled_median_ae,fold_mae_mean,fold_mae_std,fold_rmse_mean,fold_rmse_std,fold_r2_mean,fold_r2_std
Baseline (mean logP per metal),SMILES,5079,10,0.9421087203771032,1.1986385268455009,0.08149333716081553,0.78329004601227,0.9420988741952685,0.033350066757403055,1.1979688441909353,0.04186185390700586,0.07675631844896139,0.022698943308505602
Baseline (mean logP per metal),DOI,5079,10,0.9647128058718123,1.228920967911321,0.034496718885755895,0.7999666666666666,0.9650802122904738,0.09407256840679046,1.2255643354671637,0.10268285598008194,-0.0035963148703839986,0.06280381559867214
Baseline (mean logP per metal),LOMO,4950,18,1.003634390809742,1.2679233871277222,-0.029613856434621333,0.8317507304460245,0.9467950970193875,0.2353185886784816,1.1739152975212839,0.2747224224492693,-0.17573315916542823,0.2734449043348451
Baseline (mean logP per metal),LOGO,5007,8,1.003202338168239,1.2660541375844756,-0.028310488495118635,0.8324880010134279,0.9723927893361137,0.2208304187020959,1.2096996221495488,0.25699635828083994,-0.2767027673037703,0.39216857700781305
Crippen logP (neutral ligands),SMILES,5079,10,0.9297163968340084,1.1924941461811258,0.09088597621056216,0.7654492441213909,0.9297133921735542,0.03406548073336095,1.1914236322435272,0.05413053248849999,0.08587032148715819,0.062432177151435904
Crippen logP (neutral ligands),DOI,5079,10,0.941447903848349,1.2151173056359468,0.05606463438515419,0.7699256714562643,0.9418156941951509,0.1417191867125158,1.2020525128820139,0.19146592706422422,0.03382248178385831,0.20257360672467614
Crippen logP (neutral ligands),LOMO,4950,18,0.9617208682544125,1.2519992510606135,-0.003913955962794757,0.7781650312717598,0.90886508949693,0.21397916552122384,1.1237421862976893,0.24294638696326112,-0.1540385065289282,0.6599191314243145
Crippen logP (neutral ligands),LOGO,5007,8,0.9691977607084953,1.2636504045863493,-0.024409490404682987,0.7790211537140386,0.9620886674574822,0.17299096089593613,1.1951956630093616,0.1966535317448713,-0.40335402418283445,0.9626183485600135
"kNN ($k$ = 5, count Tanimoto)",SMILES,5079,10,0.6226347212163913,0.8466238437532794,0.541766499374466,0.4625999999999999,0.6226713404209565,0.03302146869031725,0.8450139260835832,0.05621251827111951,0.5375698904322247,0.06749228219438104
"kNN ($k$ = 5, count Tanimoto)",DOI,5079,10,0.8481168721995509,1.1037574263873298,0.22115125790904921,0.679,0.8482699677999452,0.06738834849239975,1.1015157369853514,0.07485763777877807,0.1810793175166401,0.11910747988143199
"kNN ($k$ = 5, count Tanimoto)",LOMO,4950,18,0.9562383707061826,1.237325204849429,0.01948086584693398,0.7510000000000001,0.9015954737649076,0.24489882190313686,1.1524276603516137,0.27971095735852836,-0.14539656820047675,0.30625048427204415
"kNN ($k$ = 5, count Tanimoto)",LOGO,5007,8,1.0117057712312296,1.3026252244557959,-0.08857580970331402,0.8069999999999999,0.9601243269154112,0.2586441881069833,1.2214866385901377,0.3075772821321192,-0.24548594904160254,0.22723992095493806
Ridge (descriptors),SMILES,5079,10,0.7896362021618338,1.0165012659752826,0.3394256695731974,0.646699074615393,0.7896706964033664,0.03699287208721291,1.0154759120857775,0.04919584330529953,0.3360703133911734,0.0456888876720572
Ridge (descriptors),DOI,5079,10,0.8287135902016382,1.0667834203882298,0.2724575129853176,0.6740024026673406,0.8291798932491183,0.06916675649965989,1.0647602832569407,0.07826326429247356,0.2383100601591055,0.08762510459695838
Ridge (descriptors),LOMO,4950,18,0.8587172647035108,1.1063867358786263,0.21602489039629114,0.691783433337964,0.8373025805875121,0.2249809676191643,1.0447200576774698,0.2678218703020081,-0.004920427854185215,0.5817612460284051
Ridge (descriptors),LOGO,5007,8,0.8819227277798322,1.1306191185614116,0.17992728641232414,0.710204577057531,0.9117811653120014,0.1812209016242949,1.1281140669083833,0.23097551529893975,-0.23027324018144035,0.7798354363750265
Chemprop (DATIVE),SMILES,5079,10,0.5514131291717858,0.7689271747168888,0.6220135211532337,0.38712649999999993,0.5514831927465466,0.041481702572589145,0.7664907309797299,0.066133802235993,0.6168679495255673,0.07593517233228819
Chemprop (DATIVE),DOI,5079,10,0.7775671481319275,1.0191803367425583,0.3359390875800521,0.60573964,0.7779553198180225,0.07723070303995788,1.0151473743224677,0.0999687771510117,0.2989638775672946,0.16021451770923645
Chemprop (DATIVE),LOMO,4950,18,0.8433095061899125,1.085294713862207,0.2456311812442289,0.67377605,0.7935454867543938,0.16100689117718778,0.9990332966062562,0.18575729136641475,0.08885256663385693,0.3650968251126848
Chemprop (DATIVE),LOGO,5007,8,0.9083380232257601,1.15532444928709,0.14369665617159033,0.7322423999999998,0.8902700675993849,0.1523420846059457,1.1087593187486817,0.19146780629214352,-0.12519220201968212,0.4959252068013952
"CheMeleon (frozen, DATIVE)",SMILES,5079,10,0.5370992316300315,0.7479791209736677,0.642328121311873,0.38157653000000014,0.5371251545963796,0.025082788573945726,0.7468053205807003,0.04573773359510052,0.6384857731342357,0.05450229913262519
"CheMeleon (frozen, DATIVE)",DOI,5079,10,0.7739189938871431,1.009829319574275,0.34806875278080907,0.6023809999999998,0.7739411096179257,0.04868339142235307,1.0075291380250895,0.07063038573746767,0.312254045814739,0.12296747708376207
"CheMeleon (frozen, DATIVE)",LOMO,4950,18,0.8587429555566021,1.0951845093232555,0.23182010203619874,0.70181045,0.7649375680535662,0.17616064084975325,0.9617718521591497,0.2191125164637911,0.1915978051227609,0.23407424234987345
"CheMeleon (frozen, DATIVE)",LOGO,5007,8,0.9012808234955293,1.1978458617526901,0.07950467870564237,0.7245974,0.8554280662207521,0.21412414390553094,1.0841693686794989,0.2810025748760553,0.010682985131343636,0.3112177514972982
TabPFN,SMILES,5079,10,0.4098283505330674,0.6054441748948807,0.7656558828250712,0.2705862140655517,0.40987575528014253,0.03021337766695429,0.6029440607612558,0.059614906968013706,0.7630367605688854,0.05114837271627158
TabPFN,DOI,5079,10,0.7205453948009553,0.955827162149633,0.41593042831523164,0.5484967541694641,0.7208390293140043,0.047823676013739866,0.9541942828991324,0.06284450636776705,0.38137709952101834,0.11485511135998512
TabPFN,LOMO,4950,18,0.8269168630116525,1.075236384466214,0.25954911200865616,0.6392516642808914,0.7702118339648918,0.18808236792211466,0.9721332005848876,0.21941125127931904,0.0865653903539502,0.7324741649625525
TabPFN,LOGO,5007,8,0.8585816306114217,1.1077795324595778,0.21272513470111598,0.684031680226326,0.873640542400238,0.12662363208472718,1.0979684279421593,0.1507134106144106,-0.243453376443367,1.030176496438611
LightGBM,SMILES,5079,10,0.5087794293903378,0.694805330048014,0.6913742713539807,0.37910813492905243,0.5088104693194276,0.024938142790061103,0.6934162187699164,0.047631159697888024,0.6879374166072127,0.05094062323763255
LightGBM,DOI,5079,10,0.7511580901324368,0.9865787168807462,0.3777436600113344,0.5795081670237654,0.7514890298730554,0.054465715503682906,0.984597344029227,0.07113152027478661,0.34239231162268063,0.1197592607765334
LightGBM,LOMO,4950,18,0.8518623253789911,1.1038311922748114,0.21964237545742427,0.6687812570576348,0.7826253770684478,0.20970100150141005,0.9921937185777769,0.254861207972021,0.13325331129219997,0.3162407333844744
LightGBM,LOGO,5007,8,0.8901067728397539,1.1441288732513526,0.16021211918375533,0.7178503638679657,0.8718834423837968,0.19978750920880078,1.088720242383832,0.24880952851624574,-0.031451588980802275,0.3253540058955507
