model,split,delta_mae_mean,delta_mae_std,better_folds,n_folds
Baseline (mean logP per metal),DOI,0.21359118241741828,0.08471303829988826,0,10
Baseline (mean logP per metal),SMILES,0.4332884048758407,0.04170321044584578,0,10
"CheMeleon (frozen, DATIVE)",DOI,0.02245207974487028,0.05111751495944768,3,10
"CheMeleon (frozen, DATIVE)",SMILES,0.02831468527695195,0.012803665545035599,0,10
Chemprop (DATIVE),DOI,0.02646628994496697,0.03913007136057702,2,10
Chemprop (DATIVE),SMILES,0.04267272342711897,0.02291427308224859,0,10
Crippen logP (neutral ligands),DOI,0.1903266643220956,0.13918564954512086,0,10
Crippen logP (neutral ligands),SMILES,0.4209029228541265,0.03474086226608597,0,10
Ridge (descriptors),DOI,0.07769086337606287,0.04127278349067104,0,10
Ridge (descriptors),SMILES,0.28086022708393876,0.03461816206839144,0,10
TabPFN,DOI,-0.03065000055905115,0.01547434188120387,10,10
TabPFN,SMILES,-0.09893471403928515,0.017377493462976224,10,10
"kNN ($k$ = 5, count Tanimoto)",DOI,0.09678093792688976,0.04759015292114821,0,10
"kNN ($k$ = 5, count Tanimoto)",SMILES,0.1138608711015288,0.02108999589480401,0,10
