level,similarity,rows,coverage,half_width
0.8,all,5079,0.7979917306556409,1.1971914848289875
0.8,<0.5,1488,0.7990591397849462,1.394240750323241
0.8,0.5-0.7,1869,0.7998929909042268,1.2084795407415785
0.8,0.7-0.9,1459,0.7991775188485264,1.055852290800319
0.8,>=0.9,263,0.7718631178707225,0.7861922473071088
0.9,all,5079,0.8976176412679662,1.6330323904863788
0.9,<0.5,1488,0.896505376344086,1.8926124246047071
0.9,0.5-0.7,1869,0.8983413590155164,1.6547846351647288
0.9,0.7-0.9,1459,0.8978752570253599,1.4219777500642172
0.9,>=0.9,263,0.8973384030418251,1.1806319505777296
