model,k,mae_shift,mae_shift_slope,within_article_slope,rows_evaluated,articles
LightGBM,0,0.7309722020147474,0.7309722020147474,0.9478614214525006,1996,593
LightGBM,1,0.6180240222605842,0.6179196910963202,0.9478614214525006,1996,593
LightGBM,2,0.5381281332479145,0.5379385887825886,0.9478614214525006,1996,593
LightGBM,3,0.5075617638825245,0.5077634059265624,0.9478614214525006,1996,593
Per-metal mean,0,0.9569881511371447,0.9569881511371447,0.39212229387287034,1996,593
Per-metal mean,1,0.75391705809862,0.7475656457145323,0.39212229387287034,1996,593
Per-metal mean,2,0.6597817107314236,0.6543324925269058,0.39212229387287034,1996,593
Per-metal mean,3,0.6251669706117003,0.6201669396508265,0.39212229387287034,1996,593
Crippen logP (neutral ligands),0,0.9283515994451149,0.9283515994451149,1.9852147750266655,1996,593
Crippen logP (neutral ligands),1,0.6775151730911717,0.66613242932327,1.9852147750266655,1996,593
Crippen logP (neutral ligands),2,0.5920065023906207,0.5808778844868226,1.9852147750266655,1996,593
Crippen logP (neutral ligands),3,0.5609659501791011,0.5513971556867683,1.9852147750266655,1996,593
"kNN (k = 5, count Tanimoto)",0,0.8369144137820518,0.8369144137820518,0.5777810237365316,1996,593
"kNN (k = 5, count Tanimoto)",1,0.7523234421268424,0.7037888709872726,0.5777810237365316,1996,593
"kNN (k = 5, count Tanimoto)",2,0.6550895060769103,0.6136104699558541,0.5777810237365316,1996,593
"kNN (k = 5, count Tanimoto)",3,0.6192941124032082,0.5812364230659798,0.5777810237365316,1996,593
Ridge (descriptors),0,0.8182068076038352,0.8182068076038352,1.1210311986976327,1996,593
Ridge (descriptors),1,0.6612697921538727,0.6656352621062287,1.1210311986976327,1996,593
Ridge (descriptors),2,0.5760545212073838,0.5798873308065166,1.1210311986976327,1996,593
Ridge (descriptors),3,0.5453202538805578,0.54885587508472,1.1210311986976327,1996,593
