model_1,model_2,meandiff,lower,upper,p_adj,reject,folds_model_1_higher,split,metric
Baseline (mean logP per metal),"CheMeleon (frozen, DATIVE)",0.40497371959888895,0.37395857132768584,0.43598886787009206,0.001,True,10,SMILES,mae
Baseline (mean logP per metal),Chemprop (DATIVE),0.39061568144872194,0.35960053317751883,0.42163082971992505,0.001,True,10,SMILES,mae
Baseline (mean logP per metal),Crippen logP (neutral ligands),0.0123854820217143,-0.0186296662494888,0.0434006302929174,0.8755445163310864,False,7,SMILES,mae
Baseline (mean logP per metal),LightGBM,0.43328840487584086,0.40227325660463775,0.46430355314704397,0.001,True,10,SMILES,mae
Baseline (mean logP per metal),TabPFN,0.532223118915126,0.5012079706439229,0.5632382671863291,0.001,True,10,SMILES,mae
Baseline (mean logP per metal),"kNN ($k$ = 5, count Tanimoto)",0.319427533774312,0.2884123855031089,0.3504426820455151,0.001,True,10,SMILES,mae
"CheMeleon (frozen, DATIVE)",Chemprop (DATIVE),-0.014358038150167007,-0.04537318642137011,0.016657110121036094,0.7646526752857958,False,2,SMILES,mae
"CheMeleon (frozen, DATIVE)",Crippen logP (neutral ligands),-0.39258823757717465,-0.42360338584837776,-0.36157308930597154,0.001,True,0,SMILES,mae
"CheMeleon (frozen, DATIVE)",LightGBM,0.028314685276951912,-0.002700462994251189,0.05932983354815501,0.09505373335062572,False,10,SMILES,mae
"CheMeleon (frozen, DATIVE)",TabPFN,0.12724939931623702,0.09623425104503391,0.15826454758744013,0.001,True,10,SMILES,mae
"CheMeleon (frozen, DATIVE)","kNN ($k$ = 5, count Tanimoto)",-0.08554618582457696,-0.11656133409578007,-0.05453103755337386,0.001,True,0,SMILES,mae
Chemprop (DATIVE),Crippen logP (neutral ligands),-0.37823019942700764,-0.40924534769821075,-0.34721505115580453,0.001,True,0,SMILES,mae
Chemprop (DATIVE),LightGBM,0.04267272342711892,0.011657575155915818,0.07368787169832203,0.0017651581818686202,True,10,SMILES,mae
Chemprop (DATIVE),TabPFN,0.14160743746640403,0.11059228919520092,0.17262258573760714,0.001,True,10,SMILES,mae
Chemprop (DATIVE),"kNN ($k$ = 5, count Tanimoto)",-0.07118814767440995,-0.10220329594561306,-0.04017299940320685,0.001,True,0,SMILES,mae
Crippen logP (neutral ligands),LightGBM,0.42090292285412656,0.38988777458292345,0.45191807112532967,0.001,True,10,SMILES,mae
Crippen logP (neutral ligands),TabPFN,0.5198376368934117,0.48882248862220856,0.5508527851646148,0.001,True,10,SMILES,mae
Crippen logP (neutral ligands),"kNN ($k$ = 5, count Tanimoto)",0.3070420517525977,0.2760269034813946,0.3380572000238008,0.001,True,10,SMILES,mae
LightGBM,TabPFN,0.09893471403928511,0.067919565768082,0.12994986231048822,0.001,True,10,SMILES,mae
LightGBM,"kNN ($k$ = 5, count Tanimoto)",-0.11386087110152887,-0.14487601937273198,-0.08284572283032576,0.001,True,0,SMILES,mae
TabPFN,"kNN ($k$ = 5, count Tanimoto)",-0.21279558514081398,-0.2438107334120171,-0.18178043686961087,0.001,True,0,SMILES,mae
Baseline (mean logP per metal),"CheMeleon (frozen, DATIVE)",0.45116352361023504,0.40432926882609316,0.4979977783943769,0.001,True,10,SMILES,rmse
Baseline (mean logP per metal),Chemprop (DATIVE),0.43147811321120544,0.38464385842706356,0.4783123679953473,0.001,True,10,SMILES,rmse
Baseline (mean logP per metal),Crippen logP (neutral ligands),0.006545211947408092,-0.04028904283673379,0.053379466731549974,0.9,False,6,SMILES,rmse
Baseline (mean logP per metal),LightGBM,0.5045526254210189,0.457718370636877,0.5513868802051607,0.001,True,10,SMILES,rmse
Baseline (mean logP per metal),TabPFN,0.5950247834296795,0.5481905286455375,0.6418590382138214,0.001,True,10,SMILES,rmse
Baseline (mean logP per metal),"kNN ($k$ = 5, count Tanimoto)",0.35295491810735213,0.30612066332321025,0.399789172891494,0.001,True,10,SMILES,rmse
"CheMeleon (frozen, DATIVE)",Chemprop (DATIVE),-0.0196854103990296,-0.06651966518317148,0.02714884438511228,0.8389557641221576,False,2,SMILES,rmse
"CheMeleon (frozen, DATIVE)",Crippen logP (neutral ligands),-0.44461831166282695,-0.49145256644696883,-0.39778405687868507,0.001,True,0,SMILES,rmse
"CheMeleon (frozen, DATIVE)",LightGBM,0.05338910181078382,0.006554847026641941,0.1002233565949257,0.01583821553948217,True,10,SMILES,rmse
"CheMeleon (frozen, DATIVE)",TabPFN,0.14386125981944442,0.09702700503530254,0.1906955146035863,0.001,True,10,SMILES,rmse
"CheMeleon (frozen, DATIVE)","kNN ($k$ = 5, count Tanimoto)",-0.0982086055028829,-0.1450428602870248,-0.051374350718741024,0.001,True,0,SMILES,rmse
Chemprop (DATIVE),Crippen logP (neutral ligands),-0.42493290126379735,-0.47176715604793923,-0.37809864647965546,0.001,True,0,SMILES,rmse
Chemprop (DATIVE),LightGBM,0.07307451220981342,0.026240257425671543,0.1199087669939553,0.001,True,10,SMILES,rmse
Chemprop (DATIVE),TabPFN,0.16354667021847402,0.11671241543433214,0.2103809250026159,0.001,True,10,SMILES,rmse
Chemprop (DATIVE),"kNN ($k$ = 5, count Tanimoto)",-0.0785231951038533,-0.1253574498879952,-0.03168894031971142,0.001,True,0,SMILES,rmse
Crippen logP (neutral ligands),LightGBM,0.49800741347361077,0.4511731586894689,0.5448416682577526,0.001,True,10,SMILES,rmse
Crippen logP (neutral ligands),TabPFN,0.5884795714822714,0.5416453166981294,0.6353138262664133,0.001,True,10,SMILES,rmse
Crippen logP (neutral ligands),"kNN ($k$ = 5, count Tanimoto)",0.34640970615994404,0.29957545137580216,0.3932439609440859,0.001,True,10,SMILES,rmse
LightGBM,TabPFN,0.0904721580086606,0.043637903224518715,0.13730641279280248,0.001,True,10,SMILES,rmse
LightGBM,"kNN ($k$ = 5, count Tanimoto)",-0.15159770731366673,-0.1984319620978086,-0.10476345252952485,0.001,True,0,SMILES,rmse
TabPFN,"kNN ($k$ = 5, count Tanimoto)",-0.24206986532232733,-0.2889041201064692,-0.19523561053818544,0.001,True,0,SMILES,rmse
Baseline (mean logP per metal),"CheMeleon (frozen, DATIVE)",-0.5617294546852744,-0.6002210787583422,-0.5232378306122065,0.001,True,0,SMILES,r2
Baseline (mean logP per metal),Chemprop (DATIVE),-0.540111631076606,-0.5786032551496738,-0.5016200070035381,0.001,True,0,SMILES,r2
Baseline (mean logP per metal),Crippen logP (neutral ligands),-0.009114003038196802,-0.047605627111264606,0.029377621034871,0.9,False,4,SMILES,r2
Baseline (mean logP per metal),LightGBM,-0.6111810981582514,-0.6496727222313192,-0.5726894740851836,0.001,True,0,SMILES,r2
Baseline (mean logP per metal),TabPFN,-0.686280442119924,-0.7247720661929918,-0.6477888180468562,0.001,True,0,SMILES,r2
Baseline (mean logP per metal),"kNN ($k$ = 5, count Tanimoto)",-0.46081357198326334,-0.49930519605633117,-0.4223219479101955,0.001,True,0,SMILES,r2
"CheMeleon (frozen, DATIVE)",Chemprop (DATIVE),0.021617823608668374,-0.01687380046439943,0.06010944768173618,0.5925779749344209,False,8,SMILES,r2
"CheMeleon (frozen, DATIVE)",Crippen logP (neutral ligands),0.5526154516470775,0.5141238275740097,0.5911070757201453,0.001,True,10,SMILES,r2
"CheMeleon (frozen, DATIVE)",LightGBM,-0.049451643472977036,-0.08794326754604484,-0.010960019399909232,0.0042555525749981005,True,0,SMILES,r2
"CheMeleon (frozen, DATIVE)",TabPFN,-0.12455098743464965,-0.16304261150771746,-0.08605936336158185,0.001,True,0,SMILES,r2
"CheMeleon (frozen, DATIVE)","kNN ($k$ = 5, count Tanimoto)",0.10091588270201102,0.06242425862894321,0.13940750677507882,0.001,True,10,SMILES,r2
Chemprop (DATIVE),Crippen logP (neutral ligands),0.5309976280384091,0.4925060039653413,0.5694892521114769,0.001,True,10,SMILES,r2
Chemprop (DATIVE),LightGBM,-0.07106946708164541,-0.10956109115471321,-0.032577843008577606,0.001,True,0,SMILES,r2
Chemprop (DATIVE),TabPFN,-0.14616881104331803,-0.18466043511638583,-0.10767718697025022,0.001,True,0,SMILES,r2
Chemprop (DATIVE),"kNN ($k$ = 5, count Tanimoto)",0.07929805909334264,0.04080643502027484,0.11778968316641045,0.001,True,10,SMILES,r2
Crippen logP (neutral ligands),LightGBM,-0.6020670951200545,-0.6405587191931224,-0.5635754710469867,0.001,True,0,SMILES,r2
Crippen logP (neutral ligands),TabPFN,-0.6771664390817271,-0.715658063154795,-0.6386748150086593,0.001,True,0,SMILES,r2
Crippen logP (neutral ligands),"kNN ($k$ = 5, count Tanimoto)",-0.4516995689450665,-0.4901911930181343,-0.41320794487199874,0.001,True,0,SMILES,r2
LightGBM,TabPFN,-0.07509934396167262,-0.11359096803474042,-0.03660771988860481,0.001,True,0,SMILES,r2
LightGBM,"kNN ($k$ = 5, count Tanimoto)",0.15036752617498805,0.11187590210192025,0.18885915024805586,0.001,True,10,SMILES,r2
TabPFN,"kNN ($k$ = 5, count Tanimoto)",0.22546687013666067,0.18697524606359286,0.2639584942097285,0.001,True,10,SMILES,r2
Baseline (mean logP per metal),"CheMeleon (frozen, DATIVE)",0.19113910267254808,0.1069309210368751,0.2753472843082211,0.001,True,10,DOI,mae
Baseline (mean logP per metal),Chemprop (DATIVE),0.18712489247245134,0.10291671083677836,0.27133307410812435,0.001,True,10,DOI,mae
Baseline (mean logP per metal),Crippen logP (neutral ligands),0.023264518095322928,-0.06094366354035005,0.10747269973099591,0.9,False,7,DOI,mae
Baseline (mean logP per metal),LightGBM,0.21359118241741837,0.1293830007817454,0.2977993640530914,0.001,True,10,DOI,mae
Baseline (mean logP per metal),TabPFN,0.24424118297646946,0.16003300134079648,0.32844936461214247,0.001,True,10,DOI,mae
Baseline (mean logP per metal),"kNN ($k$ = 5, count Tanimoto)",0.11681024449052857,0.03260206285485559,0.20101842612620155,0.0015773303358618262,True,10,DOI,mae
"CheMeleon (frozen, DATIVE)",Chemprop (DATIVE),-0.004014210200096735,-0.08822239183576971,0.08019397143557624,0.9,False,6,DOI,mae
"CheMeleon (frozen, DATIVE)",Crippen logP (neutral ligands),-0.16787458457722515,-0.25208276621289816,-0.08366640294155217,0.001,True,0,DOI,mae
"CheMeleon (frozen, DATIVE)",LightGBM,0.02245207974487029,-0.06175610189080269,0.10666026138054327,0.9,False,7,DOI,mae
"CheMeleon (frozen, DATIVE)",TabPFN,0.053102080303921384,-0.031106101331751596,0.13731026193959436,0.47094775477881357,False,9,DOI,mae
"CheMeleon (frozen, DATIVE)","kNN ($k$ = 5, count Tanimoto)",-0.07432885818201951,-0.1585370398176925,0.009879323453653471,0.11749239015812707,False,1,DOI,mae
Chemprop (DATIVE),Crippen logP (neutral ligands),-0.16386037437712841,-0.2480685560128014,-0.07965219274145544,0.001,True,1,DOI,mae
Chemprop (DATIVE),LightGBM,0.026466289944967025,-0.057741891690705954,0.11067447158064,0.9,False,8,DOI,mae
Chemprop (DATIVE),TabPFN,0.05711629050401812,-0.02709189113165486,0.1413244721396911,0.38214739948452103,False,10,DOI,mae
Chemprop (DATIVE),"kNN ($k$ = 5, count Tanimoto)",-0.07031464798192277,-0.15452282961759575,0.013893533653750206,0.1602267790775881,False,2,DOI,mae
Crippen logP (neutral ligands),LightGBM,0.19032666432209544,0.10611848268642246,0.27453484595776845,0.001,True,10,DOI,mae
Crippen logP (neutral ligands),TabPFN,0.22097666488114653,0.13676848324547355,0.30518484651681954,0.001,True,10,DOI,mae
Crippen logP (neutral ligands),"kNN ($k$ = 5, count Tanimoto)",0.09354572639520564,0.009337544759532662,0.17775390803087862,0.020327811553698116,True,9,DOI,mae
LightGBM,TabPFN,0.030650000559051094,-0.053558181076621886,0.11485818219472407,0.9,False,10,DOI,mae
LightGBM,"kNN ($k$ = 5, count Tanimoto)",-0.0967809379268898,-0.18098911956256278,-0.012572756291216819,0.014598631917036142,True,0,DOI,mae
TabPFN,"kNN ($k$ = 5, count Tanimoto)",-0.1274309384859409,-0.21163912012161387,-0.04322275685026791,0.001,True,0,DOI,mae
Baseline (mean logP per metal),"CheMeleon (frozen, DATIVE)",0.21803519744207422,0.09994604352067424,0.3361243513634742,0.001,True,10,DOI,rmse
Baseline (mean logP per metal),Chemprop (DATIVE),0.210416961144696,0.092327807223296,0.32850611506609595,0.001,True,9,DOI,rmse
Baseline (mean logP per metal),Crippen logP (neutral ligands),0.023511822585149833,-0.09457733133625015,0.14160097650654982,0.9,False,8,DOI,rmse
Baseline (mean logP per metal),LightGBM,0.24096699143793665,0.12287783751653666,0.3590561453593366,0.001,True,10,DOI,rmse
Baseline (mean logP per metal),TabPFN,0.27137005256803126,0.15328089864663128,0.3894592064894312,0.001,True,10,DOI,rmse
Baseline (mean logP per metal),"kNN ($k$ = 5, count Tanimoto)",0.12404859848181227,0.00595944456041228,0.24213775240321225,0.03357060559606251,True,10,DOI,rmse
"CheMeleon (frozen, DATIVE)",Chemprop (DATIVE),-0.007618236297378234,-0.12570739021877822,0.11047091762402175,0.9,False,4,DOI,rmse
"CheMeleon (frozen, DATIVE)",Crippen logP (neutral ligands),-0.1945233748569244,-0.31261252877832435,-0.0764342209355244,0.001,True,1,DOI,rmse
"CheMeleon (frozen, DATIVE)",LightGBM,0.022931793995862426,-0.09515735992553756,0.1410209479172624,0.9,False,5,DOI,rmse
"CheMeleon (frozen, DATIVE)",TabPFN,0.05333485512595704,-0.06475429879544295,0.17142400904735702,0.7843335576143573,False,7,DOI,rmse
"CheMeleon (frozen, DATIVE)","kNN ($k$ = 5, count Tanimoto)",-0.09398659896026196,-0.21207575288166194,0.02410255496113803,0.20353228706048987,False,1,DOI,rmse
Chemprop (DATIVE),Crippen logP (neutral ligands),-0.18690513855954616,-0.3049942924809461,-0.06881598463814617,0.001,True,1,DOI,rmse
Chemprop (DATIVE),LightGBM,0.03055003029324066,-0.08753912362815933,0.14863918421464065,0.9,False,6,DOI,rmse
Chemprop (DATIVE),TabPFN,0.06095309142333527,-0.057136062498064716,0.17904224534473526,0.6718463287351681,False,10,DOI,rmse
Chemprop (DATIVE),"kNN ($k$ = 5, count Tanimoto)",-0.08636836266288372,-0.2044575165842837,0.03172079125851626,0.2924499081151992,False,3,DOI,rmse
Crippen logP (neutral ligands),LightGBM,0.21745516885278682,0.09936601493138683,0.3355443227741868,0.001,True,10,DOI,rmse
Crippen logP (neutral ligands),TabPFN,0.24785822998288143,0.12976907606148144,0.3659473839042814,0.001,True,10,DOI,rmse
Crippen logP (neutral ligands),"kNN ($k$ = 5, count Tanimoto)",0.10053677589666243,-0.017552378024737553,0.21862592981806242,0.1440800376303859,False,7,DOI,rmse
LightGBM,TabPFN,0.03040306113009461,-0.08768609279130538,0.1484922150514946,0.9,False,9,DOI,rmse
LightGBM,"kNN ($k$ = 5, count Tanimoto)",-0.11691839295612438,-0.23500754687752437,0.0011707609652756024,0.05399461469225042,False,0,DOI,rmse
TabPFN,"kNN ($k$ = 5, count Tanimoto)",-0.147321454086219,-0.26541060800761895,-0.02923230016481901,0.006024794661420363,True,0,DOI,rmse
Baseline (mean logP per metal),"CheMeleon (frozen, DATIVE)",-0.31585036068512296,-0.4769837237332549,-0.15471699763699098,0.001,True,0,DOI,r2
Baseline (mean logP per metal),Chemprop (DATIVE),-0.30256019243767857,-0.46369355548581054,-0.1414268293895466,0.001,True,1,DOI,r2
Baseline (mean logP per metal),Crippen logP (neutral ligands),-0.03741879665424231,-0.19855215970237428,0.12371456639388967,0.9,False,2,DOI,r2
Baseline (mean logP per metal),LightGBM,-0.3459886264930646,-0.5071219895411966,-0.18485526344493264,0.001,True,0,DOI,r2
Baseline (mean logP per metal),TabPFN,-0.3849734143914023,-0.5461067774395343,-0.22384005134327034,0.001,True,0,DOI,r2
Baseline (mean logP per metal),"kNN ($k$ = 5, count Tanimoto)",-0.1846756323870241,-0.3458089954351561,-0.02354226933889214,0.015015306925015293,True,0,DOI,r2
"CheMeleon (frozen, DATIVE)",Chemprop (DATIVE),0.01329016824744439,-0.14784319480068758,0.17442353129557636,0.9,False,6,DOI,r2
"CheMeleon (frozen, DATIVE)",Crippen logP (neutral ligands),0.27843156403088065,0.11729820098274868,0.4395649270790126,0.001,True,9,DOI,r2
"CheMeleon (frozen, DATIVE)",LightGBM,-0.030138265807941655,-0.19127162885607363,0.13099509724019032,0.9,False,5,DOI,r2
"CheMeleon (frozen, DATIVE)",TabPFN,-0.06912305370627936,-0.23025641675441133,0.09201030934185261,0.8238577000417163,False,3,DOI,r2
"CheMeleon (frozen, DATIVE)","kNN ($k$ = 5, count Tanimoto)",0.13117472829809887,-0.029958634750033103,0.2923080913462308,0.18225791021364468,False,9,DOI,r2
Chemprop (DATIVE),Crippen logP (neutral ligands),0.26514139578343626,0.10400803273530429,0.42627475883156823,0.001,True,9,DOI,r2
Chemprop (DATIVE),LightGBM,-0.043428434055386045,-0.20456179710351802,0.11770492899274593,0.9,False,4,DOI,r2
Chemprop (DATIVE),TabPFN,-0.08241322195372375,-0.24354658500185572,0.07872014109440822,0.6800427940898013,False,0,DOI,r2
Chemprop (DATIVE),"kNN ($k$ = 5, count Tanimoto)",0.11788456005065448,-0.04324880299747749,0.2790179230987865,0.2921219544919268,False,7,DOI,r2
Crippen logP (neutral ligands),LightGBM,-0.3085698298388223,-0.4697031928869543,-0.14743646679069033,0.001,True,0,DOI,r2
Crippen logP (neutral ligands),TabPFN,-0.34755461773716,-0.508687980785292,-0.18642125468902804,0.001,True,0,DOI,r2
Crippen logP (neutral ligands),"kNN ($k$ = 5, count Tanimoto)",-0.1472568357327818,-0.3083901987809138,0.013876527315350162,0.09440841459060256,False,3,DOI,r2
LightGBM,TabPFN,-0.0389847878983377,-0.20011815094646968,0.12214857514979427,0.9,False,1,DOI,r2
LightGBM,"kNN ($k$ = 5, count Tanimoto)",0.16131299410604052,0.0001796310579085525,0.32244635715417247,0.049575351203387186,True,10,DOI,r2
TabPFN,"kNN ($k$ = 5, count Tanimoto)",0.20029778200437823,0.039164418956246255,0.36143114505251017,0.00628096717716331,True,10,DOI,r2
