split,metric,model,mean,halfwidth,status
SMILES,mae,Baseline (mean logP per metal),0.9420988741952684,0.01550757413560155,worse
SMILES,mae,"CheMeleon (frozen, DATIVE)",0.5371251545963796,0.01550757413560155,worse
SMILES,mae,Chemprop (DATIVE),0.5514831927465466,0.01550757413560155,worse
SMILES,mae,Crippen logP (neutral ligands),0.9297133921735542,0.01550757413560155,worse
SMILES,mae,LightGBM,0.5088104693194276,0.01550757413560155,worse
SMILES,mae,TabPFN,0.40987575528014253,0.01550757413560155,best
SMILES,mae,"kNN ($k$ = 5, count Tanimoto)",0.6226713404209565,0.01550757413560155,worse
SMILES,rmse,Baseline (mean logP per metal),1.1979688441909353,0.02341712739207094,worse
SMILES,rmse,"CheMeleon (frozen, DATIVE)",0.7468053205807003,0.02341712739207094,worse
SMILES,rmse,Chemprop (DATIVE),0.7664907309797299,0.02341712739207094,worse
SMILES,rmse,Crippen logP (neutral ligands),1.191423632243527,0.02341712739207094,worse
SMILES,rmse,LightGBM,0.6934162187699164,0.02341712739207094,worse
SMILES,rmse,TabPFN,0.6029440607612558,0.02341712739207094,best
SMILES,rmse,"kNN ($k$ = 5, count Tanimoto)",0.8450139260835832,0.02341712739207094,worse
SMILES,r2,Baseline (mean logP per metal),0.07675631844896139,0.019245812036533902,worse
SMILES,r2,"CheMeleon (frozen, DATIVE)",0.6384857731342357,0.019245812036533902,worse
SMILES,r2,Chemprop (DATIVE),0.6168679495255673,0.019245812036533902,worse
SMILES,r2,Crippen logP (neutral ligands),0.08587032148715819,0.019245812036533902,worse
SMILES,r2,LightGBM,0.6879374166072127,0.019245812036533902,worse
SMILES,r2,TabPFN,0.7630367605688855,0.019245812036533902,best
SMILES,r2,"kNN ($k$ = 5, count Tanimoto)",0.5375698904322249,0.019245812036533902,worse
DOI,mae,Baseline (mean logP per metal),0.9650802122904738,0.04210409081783649,worse
DOI,mae,"CheMeleon (frozen, DATIVE)",0.7739411096179257,0.04210409081783649,equivalent
DOI,mae,Chemprop (DATIVE),0.7779553198180225,0.04210409081783649,equivalent
DOI,mae,Crippen logP (neutral ligands),0.9418156941951509,0.04210409081783649,worse
DOI,mae,LightGBM,0.7514890298730554,0.04210409081783649,equivalent
DOI,mae,TabPFN,0.7208390293140045,0.04210409081783649,best
DOI,mae,"kNN ($k$ = 5, count Tanimoto)",0.8482699677999452,0.04210409081783649,worse
DOI,rmse,Baseline (mean logP per metal),1.2255643354671635,0.05904457696069999,worse
DOI,rmse,"CheMeleon (frozen, DATIVE)",1.0075291380250895,0.05904457696069999,equivalent
DOI,rmse,Chemprop (DATIVE),1.0151473743224677,0.05904457696069999,equivalent
DOI,rmse,Crippen logP (neutral ligands),1.2020525128820139,0.05904457696069999,worse
DOI,rmse,LightGBM,0.984597344029227,0.05904457696069999,equivalent
DOI,rmse,TabPFN,0.9541942828991324,0.05904457696069999,best
DOI,rmse,"kNN ($k$ = 5, count Tanimoto)",1.1015157369853517,0.05904457696069999,worse
DOI,r2,Baseline (mean logP per metal),-0.0035963148703839986,0.08056668152406599,worse
DOI,r2,"CheMeleon (frozen, DATIVE)",0.312254045814739,0.08056668152406599,equivalent
DOI,r2,Chemprop (DATIVE),0.2989638775672946,0.08056668152406599,equivalent
DOI,r2,Crippen logP (neutral ligands),0.03382248178385831,0.08056668152406599,worse
DOI,r2,LightGBM,0.34239231162268063,0.08056668152406599,equivalent
DOI,r2,TabPFN,0.38137709952101834,0.08056668152406599,best
DOI,r2,"kNN ($k$ = 5, count Tanimoto)",0.18107931751664005,0.08056668152406599,worse
