model,split,fold,n_train,n_test,n_features,seconds,mae,rmse,r2,median_ae
TabPFN 3.5 (API),SMILES,1,4568,511,575,41.90550419996725,0.4004716959493982,0.5491343027757226,0.8402850881648412,0.2852268368005752
TabPFN 3.5 (API),SMILES,2,4568,511,575,12.335047399974428,0.3978217291880814,0.5732195488588195,0.7779272777033918,0.2823522984981537
TabPFN 3.5 (API),SMILES,3,4571,508,575,12.516402499983087,0.3727751506440246,0.530781559015677,0.8163763093452046,0.2512744665145874
TabPFN 3.5 (API),SMILES,4,4571,508,575,12.521344300010242,0.3757939888100235,0.5639242849272649,0.7783881982736146,0.2377379536628723
TabPFN 3.5 (API),SMILES,5,4569,510,575,10.476721300045028,0.4187071212111999,0.6022675874211051,0.7510242358303618,0.2884972095489502
TabPFN 3.5 (API),SMILES,6,4572,507,574,10.334090000018476,0.3918656351506761,0.5797713558373909,0.7625316692792923,0.2532350718975067
TabPFN 3.5 (API),SMILES,7,4574,505,575,12.273487700033002,0.3990283278674625,0.5978644791572971,0.7852795693839487,0.2522119283676147
TabPFN 3.5 (API),SMILES,8,4574,505,575,10.670610499975735,0.4640402549935394,0.701827211436635,0.6844512599134382,0.3016790300607681
TabPFN 3.5 (API),SMILES,9,4573,506,575,12.99143809999805,0.4509338024976523,0.7062672896766943,0.6768560852215509,0.2694556415081024
TabPFN 3.5 (API),SMILES,10,4571,508,575,21.100896099989768,0.4273198358764997,0.6243829786166779,0.7572479151015333,0.2825414836406708
TabPFN 3.5 (API),DOI,1,4583,496,575,10.410207899985837,0.821433189064039,1.0464577187320054,0.3349650759690774,0.646719180047512
TabPFN 3.5 (API),DOI,2,4574,505,575,10.59182019997388,0.7338772115085532,0.9350645676270092,0.5454912427997696,0.6235977709293365
TabPFN 3.5 (API),DOI,3,4567,512,575,12.759798499988392,0.6720356306987014,0.8830515470933484,0.3236956973681043,0.5311014652252197
TabPFN 3.5 (API),DOI,4,4568,511,573,12.331278699974064,0.6965374125991519,0.9707459802625128,0.3032711350708751,0.4740863144397735
TabPFN 3.5 (API),DOI,5,4568,511,575,10.287310599989723,0.6934680100202327,0.9324762931728212,0.5024255526599165,0.5099598169326782
TabPFN 3.5 (API),DOI,6,4570,509,575,21.437991399958264,0.666334646361494,0.8581896403809866,0.4897464932981591,0.501804307103157
TabPFN 3.5 (API),DOI,7,4568,511,575,12.571923799987417,0.7644198575766061,1.0386553355825996,0.21585328866959796,0.5664206743240356
TabPFN 3.5 (API),DOI,8,4571,508,575,12.430234400031622,0.7493622636094353,1.001759278521238,0.3212181816636307,0.585132971405983
TabPFN 3.5 (API),DOI,9,4570,509,575,10.839808400021866,0.71989513361005,0.9669864517487002,0.2820317145243678,0.5663169026374817
TabPFN 3.5 (API),DOI,10,4572,507,575,10.442204600025434,0.6910269346259924,0.9085560118064449,0.49507260722593016,0.5309861451387405
TabPFN 3.5 (API),LOMO,Ru,3094,1689,574,10.509894200018607,0.8265712206932077,1.0650494209251826,0.2543892936573683,0.6401271224021912
TabPFN 3.5 (API),LOMO,Pt,4204,742,575,12.185630200023297,1.037544096825077,1.289930136758697,-0.115904233789631,0.8454734236001968
TabPFN 3.5 (API),LOMO,Ir,4163,732,574,20.86556110001402,0.7109267912290436,0.9300831355897847,0.20822999312991797,0.5541820526123047
TabPFN 3.5 (API),LOMO,Cu,4681,349,574,10.64564339997014,0.9592030072200478,1.2188701028291686,0.22274818050422396,0.7890255190432072
TabPFN 3.5 (API),LOMO,Au,4692,347,575,20.887079800013453,0.720935136015374,1.001036825274673,0.0913334088098392,0.5254283249378204
TabPFN 3.5 (API),LOMO,Fe,4796,206,575,12.09783000004245,0.48129424265612963,0.6047675116060847,0.36346249809583986,0.4319497421383858
TabPFN 3.5 (API),LOMO,Tc,4886,182,575,12.231334800017066,1.269221440617732,1.5459346889898788,0.28792829837546263,1.0934954583644867
TabPFN 3.5 (API),LOMO,Rh,4815,120,573,10.456728300021496,0.7083120335048686,0.9140814642507887,0.2746925345870328,0.6073550533037633
TabPFN 3.5 (API),LOMO,Re,4932,110,575,23.474634199985303,0.6203304367838427,0.7879245945038612,0.4450382869794959,0.5039405822753906
TabPFN 3.5 (API),LOMO,Os,4905,88,575,21.247332600003574,0.7286810162688859,0.9180044199071048,0.5349572400412064,0.5986412167549133
TabPFN 3.5 (API),LOMO,Ag,4962,87,575,17.928165700053796,0.5788816117371122,0.7835996442604574,0.23325456058177496,0.4410002529621124
TabPFN 3.5 (API),LOMO,Co,4982,83,575,41.68704920000164,0.8694299598594746,1.0930258458956066,0.22982476161952636,0.6557321846485138
TabPFN 3.5 (API),LOMO,Pd,4993,53,575,12.190873400017153,0.7061191956811356,0.8734290307072847,0.22520500982160452,0.5987977981567383
TabPFN 3.5 (API),LOMO,Ni,5010,41,575,11.236899699957576,0.5604949392741774,0.7226808177016038,0.3308204073514729,0.46500372886657715
TabPFN 3.5 (API),LOMO,Ga,5037,39,575,12.366818199981935,0.622356856146302,0.8459082203373298,0.2145071755992578,0.4778933525085449
TabPFN 3.5 (API),LOMO,Zn,5023,32,575,12.462810099998023,0.8078905132133514,1.0081316421846764,-0.01978534375551777,0.6616165041923523
TabPFN 3.5 (API),LOMO,Mn,5038,27,575,10.849762599973474,0.8352218351706311,0.9607623436265612,0.5497505616089491,0.8715988993644714
TabPFN 3.5 (API),LOMO,V,5056,23,575,12.630516300036106,0.8203986784716583,0.9351777651792339,-2.77227560684672,0.7822111248970032
TabPFN 3.5 (API),LOGO,group 8,2801,2024,574,12.618511999957263,0.8439591515431063,1.0865811548056619,0.1802281951584308,0.6719924043864012
TabPFN 3.5 (API),LOGO,group 9,3947,935,573,43.459750599984545,0.7249654630101958,0.9463949747966481,0.26213285727255586,0.5553122460842133
TabPFN 3.5 (API),LOGO,group 10,4106,836,575,10.525484600046184,0.9783160046913268,1.2357715511118006,-0.03622654790183266,0.7737601585686207
TabPFN 3.5 (API),LOGO,group 11,4224,784,574,10.600533200020436,0.8199202746343834,1.0781390834307643,0.2253112188970381,0.6611560881137848
TabPFN 3.5 (API),LOGO,group 7,4718,319,575,12.337115400005132,1.131638806735145,1.3841365816932887,0.2421310212530795,0.9667084291577339
TabPFN 3.5 (API),LOGO,group 13,5026,50,575,12.344509699963965,0.8738025057688356,1.1090180011576405,-0.07132487770341855,0.66452756524086
TabPFN 3.5 (API),LOGO,group 12,5017,36,575,10.22430980001809,0.7961234543472528,1.0085283113622368,0.022396728323931137,0.6026894748210907
TabPFN 3.5 (API),LOGO,group 5,5056,23,575,10.029277199995704,0.8203986784716583,0.9351777651792339,-2.77227560684672,0.7822111248970032
