test,n_train,n_test,test_articles,complex_seen_in_training,lgb_mae,lgb_rmse,lgb_r2,lgb_median_ae,base_mae,base_rmse,base_r2,base_median_ae,lgb_mae_unseen_complex
2014,410,187,40,0.026737967914438502,0.7774296636240076,1.0433323394307754,0.26664717548323524,0.5821668474230444,0.899053705401194,1.0914105729871235,0.197502026934276,0.8154716981132076,0.7934267631510459
2015,597,137,38,0.021897810218978103,1.0107611024073206,1.4537782692789223,0.3391080140860153,0.6440899820027985,1.3542097385765552,1.767583113279465,0.023001656013499017,0.9558108108108105,1.0293129452555618
2016,734,228,55,0.04824561403508772,0.9216199403729146,1.2229694086455378,0.28502398093442594,0.69883342965665,1.2269552127052001,1.4920956516705108,-0.06427440402824991,1.199988888888889,0.9557001694955941
2017,962,320,72,0.046875,0.759572954365242,1.0358958382173509,0.3925892447755912,0.5735366818279675,0.987079224572294,1.2625872001946714,0.09765406644972574,0.8370703019568152,0.7696209430314018
2018,1282,267,69,0.0149812734082397,0.8988123509111063,1.1789323140901076,0.2609041759835372,0.7127369336076232,1.1364117985398896,1.3959471459183694,-0.036241438196538356,0.9839829545454546,0.9086052418009465
2019,1549,303,77,0.039603960396039604,0.6768418691111904,0.8849497952143123,0.5235441629988682,0.48053693152783133,1.006047412037379,1.224927248888184,0.08713621710655017,0.8988227848101266,0.6936243217282678
2020,1852,497,105,0.096579476861167,0.7626938532355332,0.9869026309585593,0.27881605733938364,0.6019953164670304,1.0170988407809496,1.2351395971392118,-0.12961259179819118,0.915730198915009,0.8012462075895115
2021,2349,434,92,0.02534562211981567,0.7177017495473885,0.9167090555021571,0.2389876265579265,0.6179842844376048,0.914868881530056,1.1289111541733543,-0.1541126556401755,0.82660390625,0.7214468257124017
2022,2783,385,89,0.03116883116883117,0.6979217736779697,0.944447374391445,0.42941306945014224,0.49999222260141774,0.9698068223851368,1.2393966719864797,0.01737695790624516,0.7889846619576185,0.7062033857692291
2023,3168,576,125,0.03298611111111111,0.722238694585259,0.9167280314948973,0.26993809905900545,0.5806517060733364,0.8690916217540504,1.1056988064889668,-0.062068049209444975,0.6925542559407922,0.7263398701320088
2024,3744,421,113,0.03800475059382423,0.7433628247578263,0.9597480570359728,0.37409716173930785,0.6114106998997286,0.9494787368915849,1.2054708203558866,0.012571080881171759,0.7725543307086615,0.758677365133438
2025,4165,618,144,0.038834951456310676,0.7371336119969369,0.9733540750402365,0.2798376312586114,0.5782708617991287,0.944421583250024,1.1584973321348278,-0.020184679337418077,0.8448145160147553,0.74150098369952
2026,4783,296,76,0.030405405405405407,0.7813295339127307,1.0073641300559768,0.15839076801725382,0.6388396259067682,0.8726339104476287,1.1286140804681974,-0.056400149617917394,0.6893897987779183,0.7917537376875771
